t,MTS_F,MTS,Laser,Strain Guage 1,Strain Guage 2,MTS_stress,Comment
0.0,426.479419,0.0,0.0,-6.741607e-06,-1.211858e-05,8.944044489929034,
0.544,425.874007,0.00025170498585269055,2.753968647539141e-05,-6.577634e-06,-1.167002e-05,8.93134790570597,
1.084,430.741457,-4.013072331308854e-05,2.73886461473957e-05,-6.322977e-06,-1.186749e-05,9.03342713254084,
1.629,422.674661,-2.412084426284679e-06,3.146673500399534e-05,-6.237264e-06,-1.112638e-05,8.864251835678083,
2.172,429.802746,0.0001001942761713415,-5.009504212656665e-05,-6.233537e-06,-1.093622e-05,9.013740665684193,
2.718,431.606101,0.00017361706585242742,0.00012798150460827906,-6.401237e-06,-9.787989e-06,9.051560280494577,
3.264,431.47729,-6.735281898188494e-05,0.00022444592743668345,-6.098135e-06,-9.241906e-06,9.048858880934677,
3.81,433.222681,-4.97790610184156e-05,8.805651123527186e-05,-5.725468e-06,-8.689729e-06,9.085462885866324,
4.355,435.169339,0.00011872226533648214,0.00018426920018356415,-5.544104e-06,-8.239941e-06,9.126287823678098,
4.898,438.032165,-0.0002107525634493106,0.0001114677620781843,-5.376404e-06,-6.672385e-06,9.186326460878844,
5.441,449.362713,0.00013279717556042732,-3.2675057628318765e-05,-5.209947e-06,-5.898357e-06,9.42394853803534,
5.984,448.778233,-0.0001262500892602965,0.00021201027376300947,-4.721754e-06,-3.731071e-06,9.411690935697269,
6.527,451.938935,1.1848370753629973e-05,-0.00012898844012854856,-4.494428e-06,-2.108647e-06,9.47797657117692,
7.07,464.958518,-3.909697284462701e-05,-0.00021427587868348173,-4.45592e-06,-2.741198e-07,9.751020766053589,
7.611,461.84451,0.00010976309460987831,9.676650348421694e-05,-3.155318e-06,2.502674e-06,9.685714388176548,
8.157,475.899412,0.00041919906816151575,7.431184138551583e-05,-1.606277e-06,8.430535e-06,9.980471094336833,
8.702,503.00127,0.001588185303005215,7.889339800198192e-05,0.000134,0.000408,10.548846056674087,
9.244,1862.460936,0.0025041677373051907,-6.882404280089659e-05,0.000142,0.000432,39.059173151656516,
9.787,1942.438156,0.002459610441473484,0.00010764140710169675,0.00015,0.000456,40.736440053628264,
10.329,2016.866837,0.002602771628140539,-4.047880790928957e-05,0.000157,0.000478,42.2973440610283,
10.874,2106.701331,0.002494280841799493,0.0003249884391215086,0.000164,0.000501,44.18133582070161,
11.416,2179.247761,0.002483943337115066,0.0001519969167633532,0.000171,0.000521,45.702765621527526,
11.96,2246.400226,0.002757436602071674,0.00010718828611770962,0.000177,0.000539,47.11107422403105,
12.496,2306.712821,0.0032188073880608124,0.0002749940905470584,0.000184,0.000556,48.3759383861703,
13.041,2360.494691,0.003438598641503517,0.0004612771617709827,0.000189,0.000573,49.503841437528514,
13.585,2410.969336,0.003247831920443772,0.0003478458754284964,0.000195,0.000587,50.562386001183945,
14.129,2471.901836,0.0030294720138036688,0.0004473814515930521,0.0002,0.000603,51.84025069195956,
14.674,2518.056478,0.003652160885713252,0.00043831903191205736,0.000205,0.000618,52.80819698215263,
15.217,2573.026633,0.0034400564947281304,0.0007951769802456691,0.00021,0.000633,53.961020518376536,
15.767,2621.408099,0.0037560395545797104,0.0005452555841496549,0.000214,0.000649,54.97566733394066,
16.307,2666.115228,0.003681795065808333,0.0005552242457989815,0.000219,0.000663,55.91325665942461,
16.855,2723.085178,0.003982165842944188,0.0003453285366280909,0.000224,0.000678,57.10801951242181,
17.398,2770.746913,0.003956640158300564,0.0004821710738136685,0.000229,0.000693,58.10757226764448,
17.944,2819.838452,0.0038426095297056477,0.0005558787538870226,0.000233,0.000707,59.13711059782844,
18.486,2860.207867,0.0038945091045053874,0.000710544049778777,0.000238,0.00072,59.983730218158605,
19.036,2913.583988,0.004365342683244072,0.00039169791732992864,0.000242,0.000733,61.10312397939385,
19.58,2961.318181,0.0042437047114581745,0.0005955016666040384,0.000247,0.000747,62.10419630988036,
20.122,3001.299554,0.004420237483760205,0.0008530757726530277,0.000251,0.000761,62.94267798789176,
20.667,3040.363147,0.004760632958520157,0.0006826015890952778,0.000255,0.000774,63.76191215995969,
21.217,3087.73667,0.004831670170197159,0.0006811415325910211,0.000259,0.000785,64.75542058845592,
21.76,3129.658262,0.005153219578724998,0.0006451939345224972,0.000264,0.000796,65.63459216680741,
22.305,3170.019629,0.0049822266486770255,0.0007063149205941816,0.000267,0.00081,66.48104300602681,
22.85,3207.440882,0.005004439030537095,0.0005288928819475559,0.000272,0.000822,67.26583433894899,
23.393,3245.213145,0.005418416333511902,0.0006474595394427906,0.000275,0.000834,68.05798698619621,
23.936,3282.663381,0.005513865960097276,0.000728215768157137,0.000279,0.000844,68.84338614502957,
24.478,3325.398095,0.005592643047076451,0.0007120041062830336,0.000282,0.000855,69.73961036184316,
25.025,3366.203862,0.005968318569874532,0.0006895494441841537,0.000286,0.000867,70.59538107253643,
25.57,3402.221075,0.005912151461089567,0.0008447182078359534,0.000289,0.000877,71.35072714815854,
26.112,3432.902285,0.005691140912222808,0.0008752787008717956,0.000293,0.000887,71.99416759339339,
26.656,3469.107885,0.005829849019948856,0.0008175309487924328,0.000296,0.000899,72.75346448500862,
27.199,3507.529037,0.006314598470377904,0.0007126586143710747,0.0003,0.000909,73.55922550777518,
27.742,3543.621927,0.005718707591380966,0.0007430680670789212,0.000304,0.000919,74.31615866691108,
28.284,3580.674462,0.006277038870024869,0.0009413336709923535,0.000307,0.000931,75.09321731673224,
28.827,3619.721959,0.0064602247543160225,0.0007899912623168624,0.000311,0.000943,75.91211392657866,
29.372,3651.731537,0.0063210130245666555,0.0008173295616883789,0.000314,0.000953,76.58341265045883,
29.915,3693.71271,0.006715110510840699,0.0009760225996606746,0.000318,0.000964,77.46383375010257,
30.456,3726.773709,0.006584698913284356,0.0008678777247989326,0.000321,0.000974,78.15718267331873,
31.0,3760.723506,0.006850160732294019,0.0009071985568599569,0.000325,0.000985,78.86917129753897,
31.546,3797.547402,0.007051954125016914,0.0009545748730820642,0.000329,0.000996,79.64143497415151,
32.093,3838.234025,0.007192093579545563,0.001024506544954989,0.000333,0.001008,80.49470701975278,
32.637,3874.389714,0.00724272084607647,0.0008633465149583458,0.000336,0.001018,81.25295718745907,
33.182,3901.243626,0.007370084205072207,0.0006940806540247404,0.000339,0.001028,81.81613227389072,
33.727,3945.295442,0.007486844995160757,0.001077471353313653,0.000343,0.001038,82.73997850096075,
34.271,3982.892208,0.007866178404231755,0.0009380107837759112,0.000346,0.00105,83.5284506588199,
34.816,4017.946564,0.00785114926280595,0.0008492494176765402,0.000351,0.001062,84.26360388230948,
35.358,4053.748024,0.008178927680566571,0.0008765877170480565,0.000353,0.001073,85.01442522744082,
35.906,4094.943454,0.007612246878908562,0.0009907742050307001,0.000358,0.001083,85.87836787575361,
36.448,4131.413123,0.008175614377783205,0.0011184536289829878,0.000361,0.001095,86.6432027717348,
36.991,4163.739903,0.008162970814361672,0.0009271358801584314,0.000364,0.001106,87.32115379505522,
37.538,4195.280936,0.008203260576208342,0.0011264084195919545,0.000367,0.001115,87.98262628315744,
38.081,4234.107851,0.00839617431747161,0.0012824834252119072,0.00037,0.001125,88.79689688965227,
38.628,4271.099208,0.008624262081083833,0.0011710660099096023,0.000374,0.001135,89.57267252620379,
39.172,4309.819855,0.008626912723310676,0.0008780477735521343,0.000378,0.001146,90.3847145006064,
39.717,4342.951707,0.008867962127411779,0.00094077985645625,0.000382,0.001157,91.07954933933458,
40.259,4380.772287,0.008858817411729582,0.0014014025101391917,0.000385,0.001167,91.87271528142875,
40.808,4423.569811,0.008973643232992589,0.000906745435875791,0.000389,0.001178,92.77025673750265,
41.35,4457.35377,0.00920777446088181,0.0012143642372752887,0.000393,0.00119,93.47876743902829,
41.897,4492.305082,0.00927221157341428,0.001183904437791384,0.000396,0.0012,94.21175964353462,
42.44,4531.062766,0.009327530476686753,0.0010373953196126501,0.0004,0.001211,95.02457835079002,
42.985,4558.963275,0.00939514835989121,0.001074450546753381,0.000404,0.001222,95.60970246855587,
43.529,4599.646687,0.009773792601983296,0.0009489863809453286,0.000407,0.001232,96.46290717368166,
44.073,4634.746133,0.009818190859281423,0.0010033608990321912,0.00041,0.001243,97.1990060159938,
44.616,4672.975693,0.009941101139336153,0.0008517667564767668,0.000414,0.001255,98.00074900812261,
45.159,4699.319197,0.010078271874570797,0.001036539424420555,0.000418,0.001267,98.55321991597812,
45.706,4740.448621,0.010055317312887039,0.001158781396564103,0.000421,0.001277,99.41577829913226,
46.25,4776.807199,0.010667165058089064,0.001143123549226103,0.000425,0.001287,100.17828341599126,
46.794,4821.81384,0.010153629633077426,0.0011600400659643056,0.000428,0.001298,101.122154049632,
47.334,4848.294209,0.01081040576402291,0.0013246236767293284,0.000432,0.001309,101.67749526398902,
47.878,4885.238879,0.01073621428809612,0.0010731415305771201,0.000434,0.001318,102.4522917897406,
48.421,4923.399206,0.010887459933554711,0.0014004962681710385,0.000438,0.001327,103.25258284068633,
48.966,4947.095643,0.010851278667159498,0.0011481582268267352,0.000441,0.001338,103.74953996766271,
49.513,4984.491154,0.010870999445326681,0.0011633126064046896,0.000445,0.00135,104.53379144430346,
50.054,5022.190982,0.011055537157153269,0.0012734713523067918,0.000448,0.001361,105.3244249986384,
50.6,5055.403349,0.011169753330704342,0.0013335350560825063,0.000452,0.001371,106.02094838248745,
51.143,5088.179369,0.011712472326632521,0.0013034780308065306,0.000455,0.001381,106.70832078083242,
51.688,5128.801604,0.011567879793163052,0.00107485332096131,0.000458,0.00139,107.56024249366038,
52.233,5160.197734,0.011880973652987419,0.0012546416580803456,0.000462,0.001401,108.21867610386842,
52.78,5192.315208,0.011546091514058948,0.0010772699662095991,0.000465,0.001412,108.89223760194422,
53.323,5230.320966,0.011654502781133391,0.0014127305347406585,0.000469,0.001421,109.68928706149968,
53.869,5261.461085,0.011821122151507147,0.0013934477195300461,0.000471,0.001433,110.3423516581706,
54.412,5296.418848,0.011830346386456322,0.0011935206720084823,0.000475,0.001442,111.07547915181033,
54.958,5328.393021,0.012423931206715966,0.0014146940590047817,0.000475,0.001445,111.74603536882834,
55.502,5328.555645,0.012013876854236837,0.0013555869439732784,0.000475,0.001445,111.74944588813206,
56.049,5326.807032,0.012404395973504755,0.001397525808386646,0.000476,0.001446,111.71277431203504,
56.595,5333.944786,0.01225023462159675,0.00123032416526928,0.000476,0.00145,111.86246591845267,
57.141,5349.714504,0.012459449812554467,0.0013411374192594232,0.000478,0.001454,112.19318541651509,
57.684,5365.115499,0.012365113455704346,0.0011990588173693385,0.00048,0.001458,112.51617212661746,
58.222,5370.9587,0.012445189357374554,0.0012742265539469493,0.00048,0.001458,112.63871461607718,
58.767,5358.59443,0.012580133553138695,0.0011482085736027933,0.000475,0.001442,112.37941351961443,
59.31,5309.734711,0.012452187052853225,0.0010553187718709432,0.00047,0.001427,111.35473687396033,
59.855,5260.329156,0.012446223107843015,0.0009171168717332255,0.000466,0.001414,110.31861306051638,
60.397,5215.407844,0.01220294716427141,0.0012635026906574651,0.000462,0.001402,109.37653193028024,
60.94,5177.440729,0.012291876210979042,0.0013837307917608317,0.000458,0.00139,108.58029288430119,
61.482,5143.354054,0.012401056164299188,0.0011388944200415078,0.000454,0.001377,107.86543368094594,
62.022,5107.987318,0.01236665082819575,0.0012972853773578121,0.00045,0.001367,107.12372928407427,
62.565,5067.598554,0.01223870432791028,0.001126760847024004,0.000447,0.001354,106.27670388023118,
63.106,5023.842986,0.012365299000660126,0.0010830598454503887,0.000443,0.001343,105.35907050933663,
63.654,4982.560595,0.011793051850325859,0.0014650911817873397,0.00044,0.001332,104.49330413162862,
64.197,4942.37149,0.01229078944766599,0.001237725141342143,0.000436,0.001319,103.6504659379984,
64.744,4910.996295,0.012003035727529468,0.0013674184363347908,0.000431,0.001308,102.99247137259077,
65.286,4866.015413,0.011826768019450196,0.0013693819605990927,0.000427,0.001297,102.04914095175224,
65.827,4824.831244,0.011672765706075772,0.0014038191553874808,0.000424,0.001285,101.1854344669693,
66.369,4792.420729,0.011703248091683346,0.0013554359036452828,0.00042,0.001272,100.50572736930627,
66.914,4749.898534,0.011812507564270281,0.001151632154371173,0.000417,0.00126,99.61396006015637,
67.458,4705.139854,0.011582882428166468,0.0012584680130568332,0.000413,0.001248,98.67528961699837,
68.004,4665.614132,0.01163085905247072,0.0011105995319259589,0.000409,0.001236,97.8463637642726,
68.549,4631.118487,0.01157222684641488,0.0011619028966764911,0.000404,0.001224,97.12292772060081,
69.092,4595.740487,0.011406614720087197,0.0011423683475859456,0.000401,0.001212,96.38098709728388,
69.637,4551.247483,0.011350898220480772,0.001357852548893572,0.000397,0.0012,95.44788836018728,
70.184,4517.592333,0.011563850816978387,0.0011434256298820944,0.000394,0.00119,94.74207901627791,
70.73,4475.61759,0.01170709152291223,0.0011457919283545043,0.00039,0.001178,93.86179276535958,
71.275,4433.544628,0.01103284765969227,0.000996564084271311,0.000387,0.001165,92.9794466844316,
71.818,4401.686396,0.011474577186781203,0.0011036516768370829,0.000383,0.001155,92.31132195980454,
72.364,4363.429468,0.011296003419964638,0.0010898566602112688,0.000379,0.001143,91.50900501123449,
72.909,4323.196899,0.01112689244589762,0.0011698073405095784,0.000375,0.001132,90.66525529894147,
73.453,4288.271351,0.010966422565489855,0.0011072766447095166,0.000372,0.00112,89.93280341209639,
73.997,4241.369583,0.0113030806347101,0.0010253120933710258,0.000368,0.001109,88.94918853888176,
74.542,4206.830469,0.011434870566224456,0.0009613716878429444,0.000364,0.0011,88.22484087168817,
75.084,4168.831166,0.011007056910826074,0.0010053747700725512,0.00036,0.001086,87.42792678515332,
75.628,4134.322646,0.010993830206114432,0.0011924633897123333,0.000356,0.001077,86.70422072945358,
76.168,4089.797447,0.01111650192836879,0.001212451059787045,0.000353,0.001067,85.77044680499853,
76.714,4055.528839,0.011237795316665139,0.0012092792128985984,0.000348,0.001055,85.05177213769896,
77.266,4024.614153,0.010748751825828663,0.0008601243212938411,0.000345,0.001043,84.40343527862022,
77.811,3980.829619,0.010844015907458256,0.0007975432787179001,0.000341,0.001032,83.48519443833524,
78.361,3942.355327,0.01053630285135418,0.0010804418130980456,0.000337,0.001023,82.67831897369173,
78.904,3906.149723,0.010507781940994351,0.0009184762346853658,0.000333,0.00101,81.91902199818925,
79.45,3873.344734,0.01084632196619555,0.0011120595884302155,0.00033,0.001001,81.2310420675384,
79.994,3839.158245,0.010688158144525079,0.000972397631788241,0.000326,0.000989,80.51408958413974,
80.54,3793.531714,0.010363799055236817,0.0010727387563691912,0.000321,0.000977,79.55721873643976,
81.084,3753.006106,0.010215707674028013,0.0010271749240832113,0.000317,0.000967,78.70732346650311,
81.629,3718.153021,0.010450342523940552,0.0008728620556235065,0.000314,0.000957,77.97639125978091,
82.172,3673.55376,0.01055302840380497,0.0011770069294783875,0.000309,0.000947,77.04106412128198,
82.719,3644.017357,0.010059478821183085,0.0007696511648102801,0.000305,0.000934,76.42163234864474,
83.261,3598.650061,0.010430277162284009,0.0009203390653975513,0.000301,0.000923,75.47019812759083,
83.806,3559.960015,0.010398867051896965,0.0008955181048264404,0.000297,0.000913,74.65879791148475,
84.349,3530.109635,0.010294829344496737,0.0010417251423491829,0.000293,0.000901,74.03278147348803,
84.902,3497.365835,0.01012632801814184,0.0009086082665881554,0.00029,0.000891,73.34608478679672,
85.446,3446.306698,0.009909585003260118,0.0011015874590208435,0.000285,0.00088,72.27528236914152,
85.988,3409.616446,0.010348001227565498,0.0008959208790345482,0.000281,0.000868,71.50582144883693,
86.535,3374.470319,0.009891083520517178,0.0008489473370205488,0.000278,0.000856,70.76874362155567,
87.08,3344.320455,0.01010856871522259,0.0007854600524764546,0.000273,0.000846,70.1364464626128,
87.628,3305.632021,0.009824075285024844,0.0006225882320956216,0.00027,0.000834,69.32508005306119,
88.168,3259.169834,0.009855061292655735,0.0007453840187752728,0.000266,0.000824,68.35068398817768,
88.713,3230.428844,0.009729235306151591,0.0006449422006423851,0.000262,0.000812,67.74793346425473,
89.257,3184.633255,0.009871097678127612,0.0007478510107996201,0.000258,0.000803,66.7875171646384,
89.803,3151.759037,0.009924534625418945,0.0008593187728778044,0.000254,0.000791,66.09808537669173,
90.348,3112.465193,0.009561158082553032,0.0006016943200529357,0.00025,0.000779,65.27402242486069,
90.892,3083.039894,0.009425259655587222,0.000992435648638832,0.000247,0.00077,64.65692070397913,
91.435,3044.699253,0.009738114957611215,0.0006684037982613557,0.000243,0.000758,63.85284814244623,
91.979,3002.808254,0.009631320582295154,0.0007293737440052234,0.000239,0.000749,62.97431815461679,
92.523,2972.484498,0.009390350697460841,0.000872761362071569,0.000235,0.000737,62.338374166037696,
93.066,2930.93324,0.00967648752583917,0.00039643051427456935,0.000232,0.000725,61.46696916122897,
93.61,2889.613843,0.00941802340230818,0.0009362486466156632,0.000231,0.000728,60.60042670079423,
94.153,2911.419961,0.00953616252635474,0.0007136152031151071,0.000235,0.000738,61.05774042064959,
94.699,2955.18033,0.009540430060339777,0.0007570644708087893,0.000239,0.000752,61.975474477194325,
95.242,2993.768931,0.009760645416538634,0.0006293347000804435,0.000244,0.000763,62.78474720823816,
95.785,3035.391036,0.009529164830876069,0.0007643647533297148,0.000248,0.000782,63.65763800272805,
96.329,3108.140358,0.010009991330809442,0.000611310554270034,0.000258,0.00081,65.18332281562209,
96.88,3220.067596,0.010080922516797453,0.0009426426871684356,0.000268,0.00084,67.5306393605897,
97.422,3306.179469,0.010147321104577667,0.000598925247372597,0.000278,0.000869,69.33656102740552,
97.966,3409.452212,0.010182150543437256,0.0006823498552151657,0.000288,0.0009,71.50237716492236,
98.511,3503.655041,0.010263154169886934,0.0008067063919510111,0.000298,0.000929,73.47798080748214,
99.054,3608.568522,0.01023174405949989,0.0006403606440257402,0.000308,0.000958,75.67820618730832,
99.599,3714.892488,0.010391445253661953,0.0006625635722446869,0.000317,0.000987,77.90801198773711,
100.142,3802.092827,0.01046017640660166,0.0007963349560937555,0.000326,0.001014,79.73676075451615,
100.686,3904.156369,0.010707613858469314,0.0005286411480674438,0.000337,0.001044,81.87721776083124,
101.227,3991.440441,0.0106479479019452,0.0007114502917469302,0.000346,0.001071,83.7077225600093,
101.772,4086.38878,0.011007136430092865,0.0011981022286251272,0.000356,0.001098,85.69896089514891,
102.315,4183.60742,0.010883881566548586,0.0010941361361719224,0.000365,0.001125,87.73781154695585,
102.859,4270.996159,0.011318454359625267,0.0011079311527975577,0.000374,0.001153,89.57051140236152,
103.4,4370.457729,0.011211156362286263,0.0011348666779609662,0.000384,0.001183,91.6564003514791,
103.948,4470.555309,0.011596798299856834,0.0010497302797342076,0.000394,0.00121,93.75562758020087,
104.492,4561.273826,0.01147781097029778,0.0008735669104876058,0.000403,0.001239,95.65815890049507,
105.032,4652.684705,0.011580920952918537,0.0008972298952106303,0.000412,0.001265,97.5752103037177,
105.578,4739.020426,0.011288051493284296,0.001276542505643122,0.000421,0.001293,99.38582646781002,
106.12,4835.155464,0.011678411574018633,0.0009803524223972076,0.00043,0.00132,101.40195202652784,
106.664,4927.258713,0.011897354621948656,0.0010145378833056624,0.000439,0.001345,103.33352368045331,
107.206,5017.679369,0.012058937772091674,0.0009714410430442086,0.000448,0.001371,105.22980831704575,
107.751,5104.135862,0.01257228765214753,0.0013064484905909231,0.000456,0.001396,107.04295728833348,
108.291,5192.398935,0.012180575743877571,0.0011499203639869832,0.000464,0.001421,108.89399350851238,
108.839,5273.973488,0.012222826980971983,0.0012644089326256183,0.000472,0.001445,110.60475937146735,
109.381,5341.724986,0.012784577588088432,0.0011628091386446443,0.00048,0.001464,112.02563077903073,
109.923,5408.661754,0.012436574770137689,0.0015168476675218592,0.000486,0.001482,113.42941582546472,
110.469,5468.581531,0.012573904543905912,0.0010837143535384296,0.000489,0.001495,114.68604188393022,
111.013,5497.942448,0.012820679335216854,0.0013858957031291875,0.000493,0.001505,115.3017933978693,
111.556,5543.018339,0.013323956774810856,0.0011857672685035695,0.000497,0.001516,116.24711632921385,
112.098,5571.020298,0.013340708833684033,0.0015301895631636862,0.000501,0.001527,116.83436803690098,
112.643,5607.781423,0.013196513896548518,0.0012167305357475195,0.000504,0.001538,117.60531529215375,
113.184,5652.034534,0.013539931103447063,0.0013782933399522706,0.000508,0.001548,118.53338303931453,
113.727,5684.081169,0.013750339083406825,0.001293156941725333,0.000511,0.001559,119.20545891548363,
114.27,5722.394471,0.01370098412514475,0.0012956742805255597,0.000515,0.001569,120.0089581287577,
114.817,5751.129047,0.013855410541275513,0.0015692586613445985,0.000518,0.00158,120.61157413950417,
115.364,5793.284147,0.01381827504367863,0.0015566216205670496,0.000522,0.001591,121.49564280279742,
115.908,5827.396594,0.014107566136306744,0.0015500765396861025,0.000525,0.001602,122.21104249158836,
116.453,5857.232507,0.014124026624534962,0.001260179803441023,0.000529,0.001612,122.83675553043878,
116.992,5896.329951,0.014078276539701026,0.0015910084685793794,0.000532,0.001622,123.65669961917922,
117.536,5928.263879,0.014358184358846572,0.0012981916193259653,0.000536,0.001632,124.32641182578442,
118.075,5957.458957,0.014657865969003515,0.0014068399619477526,0.000538,0.001641,124.9386853960571,
118.619,5990.631084,0.014386519724250433,0.0014059337199797783,0.000541,0.001652,125.63436487435233,
119.161,6025.15251,0.014317629532777144,0.0012952211595415727,0.000545,0.001661,126.35834159220607,
119.705,6057.794902,0.014978143069262333,0.0014250654948622162,0.000549,0.001672,127.04291156979204,
120.248,6090.632121,0.01497114537378385,0.0013688281460629893,0.000552,0.001682,127.73156742181462,
120.797,6121.967079,0.014938621993661555,0.0015018443282719003,0.000555,0.001691,128.38871814458386,
121.339,6152.166888,0.014815367130117276,0.001324724370281266,0.000559,0.001702,129.02206274047717,
121.883,6193.671499,0.01547980361709814,0.0013605209280219731,0.000562,0.001712,129.89248947335827,
122.426,6223.76665,0.015187517298753821,0.0013081099341992338,0.000564,0.00172,130.52363920177018,
122.966,6252.225897,0.015430210101035506,0.0013001551435902672,0.000568,0.00173,131.12048106559266,
123.512,6287.718243,0.015541590087403955,0.001423303357701968,0.000572,0.00174,131.86481973126683,
124.056,6318.834225,0.01585879244267978,0.0015020960621520126,0.000575,0.00175,132.51737813140812,
124.602,6347.312795,0.01581961595056836,0.001577867960041785,0.000578,0.001759,133.11462523347652,
125.149,6381.149917,0.01603556377278199,0.0015561684995828834,0.000582,0.00177,133.8242508592307,
125.695,6414.016124,0.016176843003468094,0.0014838201824616697,0.000585,0.001779,134.5135146420235,
126.237,6446.368696,0.016403128330366338,0.0015337641842600618,0.000588,0.001788,135.1920065702158,
126.783,6480.933603,0.016587082900903192,0.0014566832701942071,0.000591,0.001798,135.91689516325306,
127.326,6509.402515,0.01658623469539051,0.0015628646207918261,0.000594,0.001808,136.5139397195998,
127.87,6541.112642,0.016815250183782205,0.0015817446617941518,0.000598,0.001817,137.17895841460344,
128.413,6571.095089,0.01662045448653798,0.0016668307132450312,0.000601,0.001826,137.8077445363669,
128.957,6606.012619,0.016769659137482035,0.001701670682241527,0.000604,0.001836,138.5400282712555,
129.502,6639.775679,0.017140298440049377,0.0016603359791403213,0.000607,0.001846,139.2481006829658,
130.042,6673.843055,0.017601324642548967,0.0016409524703777714,0.000611,0.001854,139.96255515139853,
130.587,6701.28953,0.017282081292758423,0.0014357893581515213,0.000613,0.001864,140.53815735529227,
131.13,6734.946322,0.017690439234212568,0.0014387094711598557,0.000617,0.001873,141.24400113491035,
131.677,6764.489203,0.017502455687491047,0.001362232718406163,0.000619,0.001883,141.8635687629198,
132.222,6792.070931,0.017415408596764367,0.0015033043847761571,0.000622,0.001893,142.44200746676057,
132.765,6836.828041,0.0178904301902213,0.0014039198489394183,0.000626,0.001904,143.38064498418,
133.309,6861.719223,0.01767275945056011,0.0014234543980299638,0.000628,0.001914,143.90265807390176,
133.853,6893.35368,0.018020523710710484,0.0014723411175322071,0.000632,0.001923,144.56608983219428,
134.395,6922.421571,0.018319436634621725,0.0014814035372133806,0.000635,0.001932,145.17569606112326,
134.942,6954.181619,0.018195916706854873,0.001598560484980417,0.000637,0.001942,145.84176168975392,
135.487,6980.525152,0.018583202042606026,0.001607069090125487,0.000641,0.00195,146.3942332057919,
136.032,7016.155982,0.018582433356360326,0.0016489072609867379,0.000644,0.00196,147.1414761313247,
136.576,7047.708324,0.018500395979442183,0.0016251435827117759,0.000648,0.00197,147.80318578960356,
137.119,7083.738471,0.018642947518397117,0.0016447788253542588,0.000651,0.00198,148.5588031145903,
137.665,7111.671216,0.01871440883283046,0.0016625008905084982,0.000654,0.001989,149.14460327955874,
138.209,7143.268643,0.018994131107020036,0.001508490102704785,0.000658,0.001999,149.80725845180115,
138.756,7171.491213,0.019104583368609016,0.0014215915673177783,0.000661,0.00201,150.3991367710223,
139.3,7208.05754,0.019219038099960273,0.0017789026366353772,0.000664,0.00202,151.16599876002087,
139.847,7242.841441,0.018975417572899115,0.0017549879180324194,0.000668,0.00203,151.89548005317863,
140.39,7275.702833,0.01951540640733385,0.0014641345930431285,0.000671,0.00204,152.58464285671593,
140.934,7311.863406,0.01955134911592869,0.0014942923118710417,0.000675,0.002049,153.3429954507325,
141.478,7341.976286,0.019921882392806855,0.001837758017786947,0.000677,0.002058,153.97451698832842,
142.022,7374.217775,0.019800509485243714,0.001624086300415627,0.000681,0.002068,154.65067930517296,
142.567,7405.910205,0.019719161275304486,0.0017140056423630844,0.000684,0.002077,155.3153268620905,
143.111,7435.350047,0.019948097244429388,0.0017268944170207455,0.000687,0.002087,155.93273357597573,
143.655,7469.187188,0.02019460697151776,0.0016857107542475357,0.00069,0.002097,156.64235960019428,
144.203,7503.966264,0.020257612737247816,0.001711740037442791,0.000693,0.002107,157.37173970437846,
144.748,7534.736085,0.02064513663079934,0.0016061125013812755,0.000697,0.002118,158.0170384824917,
145.295,7565.76353,0.02032862344250243,0.0016256973972478793,0.0007,0.002126,158.6677401016684,
145.838,7603.643741,0.020517614233270212,0.0018269334609455254,0.000704,0.002136,159.46215661364525,
146.384,7647.407415,0.020569672846603722,0.0016922558351283037,0.000707,0.002146,160.3799599820154,
146.926,7673.325879,0.02110762068652373,0.001978980724484937,0.00071,0.002156,160.9235170325999,
147.47,7704.338835,0.021268779733910594,0.0016910475125041591,0.000713,0.002167,161.57391479125047,
148.014,7734.847817,0.02104896197404569,0.0019177086980850778,0.000717,0.002176,162.21374330393763,
148.559,7763.881908,0.02092578662976839,0.0017355540624938114,0.00072,0.002186,162.8226406857563,
149.103,7813.892939,0.021229258658309626,0.0018101176377594392,0.000724,0.002196,163.87146242561903,
149.649,7842.529327,0.02156872640829011,0.0018094631296713983,0.000727,0.002206,164.47201925648187,
150.196,7872.545608,0.02165195657421029,0.001901648076539149,0.00073,0.002216,165.1015149383971,
150.744,7904.941681,0.02143017733909764,0.0017998468954541211,0.000734,0.002227,165.78091916120906,
151.287,7939.912372,0.021817807258338345,0.001788065749868667,0.000738,0.002238,166.51431777838255,
151.831,7978.098519,0.02199696416644483,0.0017071081340502667,0.000741,0.00225,167.31515032141078,
152.373,8018.656408,0.022172887291034553,0.001916903149669041,0.000746,0.002258,168.16572258228135,
152.914,8044.740723,0.02236641068001013,0.001951340344457429,0.000749,0.002269,168.71275782819396,
153.46,8073.555841,0.02231655209972474,0.0018758201804477685,0.000752,0.002279,169.3170629503001,
154.003,8114.802873,0.022591079115149806,0.0019223909482538391,0.000756,0.002291,170.18208778584915,
154.549,8150.604403,0.022392439986676886,0.0019523472799775196,0.000759,0.0023,170.93291059900704,
155.093,8180.847719,0.023075987604112624,0.0019250089806061822,0.000763,0.002312,171.56716761535085,
155.635,8217.230512,0.022657133119440658,0.002098503970724204,0.000767,0.002322,172.3301805645405,
156.177,8251.246396,0.02277980484169483,0.0017718037412185056,0.00077,0.002333,173.04355515263586,
156.724,8296.62828,0.022848350449678756,0.0018753167126877232,0.000774,0.002345,173.9952953104248,
157.268,8334.278258,0.023123116022904386,0.0020423169687010354,0.000777,0.002354,174.7848834201311,
157.818,8353.566164,0.02335870510401841,0.0020199126533782135,0.000781,0.002365,175.18938568142678,
158.362,8392.393158,0.023397616531907067,0.0019413716828081023,0.000784,0.002375,176.00365794469445,
158.906,8435.617455,0.02365096491594053,0.0018958078505223012,0.000788,0.002386,176.9101496021826,
159.45,8462.487527,0.023947518768269886,0.0018618741234939587,0.000791,0.002399,177.47366359303146,
159.993,8496.163675,0.023794709243897504,0.001837103509698906,0.000796,0.002407,178.17991330296516,
160.538,8537.412329,0.024100911433932188,0.0020701083890567176,0.000799,0.002417,179.0449721547868,
161.082,8570.660181,0.023732419151568745,0.0018370531629228477,0.000802,0.002428,179.7422397232426,
161.626,8606.819173,0.02413120827458398,0.0018982748425466487,0.000805,0.00244,180.5005591608307,
162.169,8646.377179,0.024333584808596796,0.0020853634621866095,0.00081,0.002451,181.33016206740584,
162.718,8680.217566,0.024333584808596796,0.001937394287503619,0.000813,0.002463,182.03985616611314,
163.26,8713.138562,0.024716867674585672,0.002245717943767037,0.000817,0.002473,182.7302689732943,
163.806,8749.447301,0.024753738107959982,0.0018158068234481123,0.00082,0.002483,183.49172887621455,
164.35,8786.343744,0.02499229590836801,0.0019725866839321645,0.000824,0.002495,184.26551399458182,
164.898,8830.284565,0.02490318131670441,0.002059887993527279,0.000827,0.002505,185.18703245582324,
165.441,8860.553658,0.02472275210032909,0.0020850110347545602,0.000831,0.002514,185.8218300624618,
165.98,8894.205664,0.025210231712251775,0.0021891281675359394,0.000835,0.002526,186.5275734710068,
166.524,8932.074636,0.025148180177723387,0.002031341371531618,0.000839,0.002539,187.32175428083357,
167.067,8976.925194,0.024937162550051507,0.0017895258063727448,0.000842,0.00255,188.26235157176674,
167.613,9002.922577,0.025269738630242494,0.002011353701457085,0.000846,0.002561,188.80756369646653,
168.155,9043.459562,0.02582337827214502,0.002052537364230474,0.000849,0.002571,189.65769756266275,
168.7,9080.779479,0.025364048480670417,0.002005815556096408,0.000853,0.002583,190.4403636964498,
169.243,9117.646947,0.025966937055146026,0.0020103467659369945,0.000857,0.002596,191.21354115668032,
169.785,9157.919872,0.02592683283825514,0.0020075273464805975,0.000861,0.002606,192.0581372072569,
170.329,9199.226509,0.026139546876952382,0.0023009987038222317,0.000864,0.002618,192.9244120674216,
170.871,9233.915455,0.02608626896819463,0.002231117378725186,0.000868,0.002629,193.65190198255098,
171.415,9263.934984,0.026136048029213047,0.0019058772057235656,0.000871,0.00264,194.28146578089857,
171.958,9302.96327,0.026603621318012766,0.002099460559468415,0.000876,0.00265,195.09995950134157,
172.504,9338.758388,0.02633723177422382,0.0017682794668980094,0.000879,0.002663,195.85064784326661,
173.048,9385.267407,0.026850316590056916,0.0020820405749701672,0.000883,0.002673,196.8260260598622,
173.595,9417.08386,0.02672271467326081,0.002283226291891934,0.000887,0.002686,197.493274603323,
174.139,9461.184106,0.026911944021828962,0.0021681335619411373,0.000891,0.002697,198.41813649505428,
174.686,9496.974398,0.026971185875596923,0.0019481684975689824,0.000895,0.002709,199.16872362703393,
175.23,9535.685493,0.02723852965058754,0.0021484983192986543,0.000899,0.00272,199.98056527872654,
175.776,9569.461495,0.02713311360922949,0.002115923955222452,0.000903,0.002731,200.68890910757594,
176.32,9605.559327,0.027327829787206923,0.0022316711932612895,0.000906,0.002742,201.44594590938698,
176.861,9644.804993,0.02738569330701706,0.0021409463028977957,0.000909,0.002754,202.26899848145234,
177.405,9682.997625,0.027569303294064366,0.0022648497186494748,0.000914,0.002767,203.06996702665543,
177.952,9727.614736,0.02800464477338675,0.002268323646193913,0.000917,0.00278,204.0056685119271,
178.498,9761.210407,0.028027943918560057,0.002161085013300324,0.000921,0.00279,204.71023047366862,
179.04,9803.125698,0.028096144943054437,0.0021171322778465963,0.000925,0.002803,205.5892699086579,
179.588,9851.516993,0.02813378406267426,0.0023438941569796316,0.000929,0.002814,206.6041228561228,
180.132,9879.882916,0.02841485816439946,0.001970069345131938,0.000933,0.002826,207.1990075469358,
180.677,9925.108669,0.028159998914296984,0.002152979182363183,0.000937,0.002838,208.14747335537035,
181.22,9963.31258,0.02839198312198268,0.0022379141934860663,0.00094,0.002851,208.94867844159583,
181.767,9999.289662,0.028363833301534414,0.00224697661316724,0.000945,0.002862,209.7031828975912,
182.312,10038.311529,0.028704997462540256,0.002324409954665144,0.000948,0.002874,210.5215419999987,
182.859,10077.642546,0.028526105618656532,0.002088031841315011,0.000952,0.002886,211.3463845368484,
183.402,10110.483068,0.028962454342024987,0.002283226291891934,0.000956,0.002899,212.03510965875282,
183.946,10148.505039,0.029001975417625954,0.002205641910066034,0.00096,0.00291,212.8324991342313,
184.492,10188.035717,0.028816059371841354,0.0023975638202025735,0.000963,0.002923,213.66152892323754,
185.038,10225.83549,0.028949890297870245,0.002115571527790402,0.000967,0.002934,214.45425850492273,
185.583,10281.106951,0.029552699353078877,0.0020833999379223076,0.000972,0.002948,215.61340097272696,
186.13,10316.320834,0.029510713180207225,0.002053342912646511,0.000975,0.00296,216.3518997658309,
186.675,10360.569243,0.029628428201497446,0.0023105645912634507,0.00098,0.002972,217.27986890355047,
187.221,10399.995268,0.029410571916880283,0.002351647560484723,0.000984,0.002983,218.10670392993435,
187.766,10435.936939,0.030014573761091144,0.0023650901496783086,0.000988,0.002996,218.86046575323675,
188.315,10481.0339,0.02995832713303939,0.0022627855008332354,0.000992,0.003009,219.80623056057578,
188.857,10524.00708,0.02997123576068368,0.002256139726400351,0.000996,0.003023,220.70745584055518,
189.404,10559.232241,0.030301214211492605,0.0022847870419481285,0.001,0.003037,221.4461911537097,
189.948,10604.92979,0.030435999368722978,0.0021369689075931334,0.001004,0.003047,222.40455137727,
190.494,10641.270783,0.03055363487074641,0.0021627968036845137,0.001008,0.003059,223.1666877048854,
191.038,10682.255438,0.030592042676612124,0.002530227574979435,0.001012,0.003073,224.0262100203676,
191.584,10724.297961,0.030816790631018776,0.002254881057000327,0.001016,0.003085,224.90791774043197,
192.125,10764.274668,0.030722030171412316,0.0025721664393928024,0.00102,0.003097,225.74630156398726,
192.672,10803.341643,0.03096053495897575,0.002492064718766676,0.001024,0.00311,226.56560666270983,
193.219,10846.215006,0.03118281781611153,0.002472026701916085,0.001028,0.003122,227.46473859973042,
193.76,10881.913558,0.03127765779498479,0.002379539674392164,0.001032,0.003134,228.2134017780444,
194.306,10927.050789,0.03153458454602418,0.0024757020165645767,0.001037,0.003146,229.16001112009147,
194.854,10973.635543,0.03158971790434069,0.0022929432196611486,0.00104,0.00316,230.13697763656575,
195.398,11010.646369,0.03154977272598357,0.002570202915128679,0.001045,0.003173,230.91316157324715,
195.941,11055.120225,0.03192664103778369,0.0024511831366494574,0.001048,0.003183,231.84585874216424,
196.484,11095.50431,0.03167183480052562,0.0023622203834460327,0.001052,0.003197,232.6927860189177,
197.028,11128.470451,0.0319371375810017,0.0024627125483547996,0.001056,0.003209,233.38414559837085,
197.575,11168.857758,0.03225661948859243,0.002557465180799014,0.00106,0.003221,234.23114044628971,
198.119,11217.613,0.03213628033149775,0.0025586231566471,0.001064,0.003233,235.2536260203597,
198.664,11257.472183,0.032249038651824026,0.002474393000388316,0.001068,0.003247,236.08954515315196,
199.208,11300.622507,0.03251773425435026,0.0024339645392552635,0.001072,0.00326,236.9944854630872,
199.754,11343.138436,0.032533956184777925,0.0023888538279534495,0.001077,0.003274,237.88612136288816,
200.3,11392.249527,0.032461222562075745,0.0027936419070450935,0.001081,0.003287,238.9160697338621,
200.845,11436.501197,0.032481632507221844,0.0023963051508023706,0.001085,0.003299,239.84410726064752,
201.389,11479.34882,0.03280583255797634,0.002226082701124554,0.00109,0.003314,240.74269938333026,
201.93,11520.681297,0.0328529609767681,0.0026846914837673143,0.001094,0.003327,241.60951615501358,
202.474,11561.485647,0.03281495076723633,0.002879885934344238,0.001097,0.00334,242.46525714865493,
203.017,11599.259701,0.0333297585005168,0.002682576919175017,0.001102,0.003353,243.2574473564103,
203.565,11640.368372,0.03349714655713645,0.0025654199714079803,0.001105,0.003365,244.11957051163307,
204.107,11681.654161,0.033613059141712504,0.002766303607673756,0.00111,0.003379,244.98540815154462,
204.657,11719.814654,0.03332941391702744,0.0027321181467653013,0.001114,0.003393,245.78570268381048,
205.198,11771.072089,0.03375571670635643,0.0027003996778811935,0.001119,0.003405,246.86066376904785,
205.741,11809.082843,0.03392625902722605,0.0026724572171976943,0.001122,0.003419,247.6578180037561,
206.288,11858.741405,0.03426334119920245,0.002782767003427792,0.001127,0.003429,248.69924783142594,
206.829,11903.736981,0.03428279691314687,0.002720739775387776,0.001131,0.003444,249.64288641201117,
207.374,11937.258647,0.034240466156785665,0.003002631374247831,0.001134,0.003458,250.34589635510187,
207.915,11984.635636,0.03467742452786625,0.002854410465684907,0.001138,0.003473,251.33947747188463,
208.46,12026.789308,0.03454237430641312,0.0028926740154497825,0.001143,0.003484,252.22351618743602,
209.001,12062.96772,0.03490736774103741,0.0029126616855243152,0.001147,0.003497,252.98224289753546,
209.546,12109.385067,0.034899177256556696,0.002931994847510807,0.001152,0.003511,253.95569858654835,
210.09,12156.190461,0.03453895497794057,0.002804919584870681,0.001156,0.003525,254.9372923227391,
210.636,12201.324523,0.034908984632795605,0.003004896979168124,0.00116,0.003536,255.8838352051266,
211.181,12239.522069,0.03536558426277657,0.0028050706251986765,0.001164,0.003552,256.6849068057942,
211.725,12280.213735,0.03528235409685639,0.002697630605200855,0.001169,0.003564,257.53828461222315,
212.27,12330.867391,0.0354144090925935,0.002994173115878819,0.001173,0.003578,258.60058336019995,
212.814,12376.687384,0.03555815342055048,0.002930333403902675,0.001178,0.003591,259.5615114558187,
213.358,12420.24834,0.0359675451124729,0.0029830968251574642,0.001182,0.003605,260.47506346121526,
213.903,12459.411983,0.035929799967163896,0.002750897494215689,0.001186,0.003618,261.2963958626733,
214.449,12500.763819,0.035805272795350784,0.003070498828304516,0.00119,0.003631,262.16361862758765,
214.993,12545.83349,0.03581081263760484,0.0028276763276255524,0.001195,0.003644,263.1088111142865,
215.536,12596.06691,0.036410467428563686,0.0029737826715961783,0.001199,0.003657,264.1622967535578,
216.078,12639.191526,0.036243927577456723,0.00297408475225217,0.001204,0.00367,265.0666979202531,
216.625,12683.918241,0.03618264472917404,0.0029868728333578933,0.001208,0.003684,266.0046979995684,
217.166,12729.625539,0.03657178551448413,0.0030592211504791075,0.001213,0.003697,266.96326267728494,
217.713,12771.418567,0.03637640667594999,0.0031287500481441033,0.001217,0.003711,267.8397380361131,
218.257,12816.190372,0.036725602282902774,0.0030349540044441,0.001221,0.003723,268.778683734251,
218.807,12862.213266,0.036970071015476426,0.0030839414174982805,0.001225,0.003738,269.7438670306841,
219.352,12907.550237,0.0372089999057962,0.0031453644842261356,0.001231,0.003752,270.6946652816605,
219.897,12950.584698,0.03708974751201439,0.0031044325553328585,0.001235,0.003764,271.59717573500575,
220.442,12998.431897,0.037332334288607084,0.003108007176429413,0.001239,0.003777,272.60061800562676,
220.984,13044.873436,0.037239720849204336,0.003226221406492419,0.001244,0.003791,273.57458104461875,
221.529,13080.620367,0.03732568117661796,0.003021410721698219,0.001249,0.003804,274.3242588180318,
222.074,13128.106898,0.03757518612942254,0.0032918736024048693,0.001253,0.00382,275.3201372286062,
222.618,13175.78987,0.037734118637338714,0.003256278431768395,0.001258,0.003833,276.32013536211525,
223.163,13227.193901,0.03775052611272234,0.0032367438826778495,0.001262,0.003847,277.39817083051776,
223.706,13260.581967,0.03821905363272373,0.0035186858283139627,0.001267,0.003859,278.09837894006006,
224.25,13304.706515,0.03837628972961492,0.0032652905046735106,0.001272,0.003873,279.02375048866935,
224.793,13351.848485,0.038039552141127884,0.0032331692615812954,0.001275,0.003887,280.0124028321084,
225.336,13394.651103,0.03816988421941744,0.003493059319326636,0.00128,0.003901,280.91005111857226,
225.884,13439.846406,0.03839958887478804,0.003417992276300963,0.001285,0.003915,281.85787833545334,
226.428,13488.869039,0.038628339298957155,0.0033149827725917906,0.00129,0.003928,282.8859715822354,
226.972,13532.38818,0.03887256947373044,0.003191935252032027,0.001294,0.003943,283.7986466514807,
227.517,13579.362706,0.03860742573178794,0.003306373473894783,0.001299,0.003956,284.78378739150156,
228.06,13627.156801,0.038783958504089965,0.003169228856053214,0.001304,0.003969,285.78611597523064,
228.606,13668.223689,0.03897737586737637,0.0035160174491855613,0.001308,0.003982,286.64736286539994,
229.147,13718.028866,0.039038499677125284,0.0034573131083619874,0.001314,0.003997,287.6918674746992,
229.694,13765.278737,0.039376005951858015,0.003456859987378,0.001318,0.004011,288.68278269719303,
230.239,13810.857274,0.03922006866965805,0.0034340528978470705,0.001322,0.004025,289.63864702394,
230.782,13853.746861,0.03944301418735054,0.003402787549947129,0.001327,0.00404,290.5381192075735,
231.328,13899.075829,0.039364740722394306,0.0035941052987715064,0.001331,0.004053,291.4887496211705,
231.871,13943.440318,0.03968774798414676,0.0033215278534727373,0.001336,0.004068,292.4191531663624,
232.417,13996.406237,0.03991726709456158,0.0035003596018475616,0.00134,0.00408,293.5299442500136,
232.959,14043.31799,0.040136554725981155,0.003317751845272129,0.001345,0.004095,294.5137685267311,
233.504,14089.819157,0.04002029755791555,0.0034368723173034675,0.001349,0.004111,295.4889820726903,
234.052,14135.225424,0.03999169712828893,0.0034611394633384746,0.001354,0.004124,296.4412335860737,
234.596,14185.109523,0.040111877246850024,0.003606339565341127,0.001359,0.004137,297.4873933324037,
235.138,14222.49241,0.04061822943142721,0.003528151022203065,0.001364,0.00415,298.2713800609403,
235.683,14265.341762,0.04031059589458993,0.003524123280122524,0.001368,0.004165,299.17000844387906,
236.232,14312.792931,0.04045060281700719,0.003524425360778694,0.001373,0.00418,300.165145249379,
236.775,14352.048429,0.040656743262981916,0.003904493172851164,0.001379,0.004194,300.98840401626063,
237.319,14413.907239,0.0407482434326496,0.0036106190413016013,0.001383,0.00421,302.2856951025019,
237.866,14460.77876,0.040953615192378626,0.0036259244612075517,0.001388,0.004224,303.26867564144004,
238.409,14499.942486,0.04135709595213542,0.0036572401558835513,0.001392,0.004238,304.0900097835581,
238.956,14546.632065,0.04167345010189857,0.003647321841010283,0.001397,0.004251,305.0691746698057,
239.499,14605.180416,0.041222072237104494,0.0035596177572070607,0.001401,0.004266,306.2970394455171,
240.046,14631.485472,0.04129043230013245,0.0034997050937595206,0.001406,0.00428,306.8487040292988,
240.591,14681.722224,0.04138288670100162,0.0036778319872702455,0.00141,0.004293,307.90225954663435,
241.136,14733.395233,0.041733884744668756,0.00379644899154136,0.001415,0.004307,308.98593597000826,
241.678,14776.938586,0.041819235424370264,0.0036802486325185346,0.001419,0.004321,309.89911880866873,
242.223,14827.812965,0.0420116455436104,0.003758789603088646,0.001424,0.004335,310.966046517022,
242.766,14872.650886,0.04209845407653671,0.0036762208904379933,0.00143,0.00435,311.90637878721753,
243.311,14925.053306,0.042471823540597496,0.0037866817169960867,0.001434,0.004367,313.0053522780343,
243.85,14972.692898,0.04239736700044795,0.003639316703625258,0.001439,0.004382,314.0044406545125,
244.399,15009.3754,0.04226464934415432,0.0038733788652792187,0.001444,0.004398,314.7737390433051,
244.941,15062.856632,0.04240105139314307,0.0038378340414186233,0.001449,0.004412,315.8953371722508,
245.486,15102.226484,0.042585589104969845,0.003830735146001752,0.001453,0.004425,316.720994149264,
246.03,15158.7493,0.04286557644338199,0.003918187495925041,0.001457,0.00444,317.9063797938643,
246.576,15197.930769,0.042761777293782326,0.00383451115420236,0.001461,0.004453,318.7280860387717,
247.121,15252.563272,0.04304065136245922,0.004137951173193142,0.001467,0.004466,319.8738284020818,
247.664,15300.824401,0.04304876232767314,0.003935708173975226,0.001472,0.004483,320.885951533187,
248.207,15337.73556,0.04344455622497236,0.003928558931782297,0.001476,0.004498,321.66004527268075,
248.75,15393.29552,0.04329126958499905,0.003914763915156483,0.001481,0.004511,322.82523808612035,
249.295,15441.263608,0.04357737990695499,0.0039397359160557675,0.001485,0.004525,323.8312156176383,
249.838,15486.059697,0.04351251869166637,0.004057547371910845,0.00149,0.00454,324.7706705951617,
250.383,15538.534612,0.04369021774654805,0.003977747731940531,0.001494,0.004555,325.8711644371992,
250.932,15578.836767,0.04367632838127989,0.004105880276876985,0.0015,0.004572,326.7163734937235,
251.476,15631.451771,0.043809655685285644,0.004071493428864655,0.001504,0.004586,327.8198052553715,
252.02,15671.54944,0.04424992735914978,0.004078693017833464,0.001509,0.004602,328.6607258707657,
252.565,15725.995195,0.04414570410679377,0.0038923092530576023,0.001514,0.004617,329.802551790876,
253.104,15767.765819,0.04418445649614885,0.0041641314967163934,0.001518,0.004632,330.6785572973178,
253.649,15813.457171,0.04454340646649614,0.004117762116014555,0.001523,0.004645,331.63678755858393,
254.193,15863.624755,0.04439613678437763,0.004172841488965517,0.001528,0.00466,332.688892497904,
254.737,15913.051672,0.04470737519464324,0.004163426641852294,0.001532,0.004676,333.7254643111104,
255.283,15958.556254,0.04504983817034012,0.003979711256204833,0.001538,0.004691,334.67977766779694,
255.827,16003.376523,0.044838051856422347,0.004364562011998002,0.001541,0.004705,335.6197397436377,
256.371,16054.384621,0.04533722080056508,0.004310086800359023,0.001547,0.00472,336.68947178118447,
256.915,16097.937702,0.04537819972939066,0.004074715622528981,0.001551,0.004733,337.60285863359314,
257.459,16154.362368,0.04553509124279229,0.004334202906066214,0.001556,0.004749,338.78618589523853,
258.002,16198.195622,0.0452395711409314,0.004233761087933326,0.001561,0.004766,339.7054484820091,
258.552,16248.224757,0.04552655617482222,0.004351572543788404,0.001565,0.00478,340.75464989548385,
259.095,16291.26099,0.04553901419328797,0.004421604909213445,0.001569,0.004794,341.6571975108729,
259.641,16345.120691,0.04551298488662122,0.0041725897550855835,0.001574,0.004809,342.7867328190193,
260.183,16385.385852,0.045955907202712004,0.004495564323166733,0.001578,0.004823,343.63116604447856,
260.726,16441.182576,0.046219328027207136,0.004201690191617169,0.001583,0.004839,344.8013242270667,
261.271,16483.967635,0.046133023116303955,0.00456705674509603,0.001588,0.004855,345.6986042695539,
261.817,16530.505971,0.04625407794679975,0.004355298205212954,0.001593,0.00487,346.67459731664457,
262.362,16581.559186,0.046741557558722426,0.004326348809009185,0.001598,0.004885,347.74527553925276,
262.91,16623.537565,0.04675120589642794,0.004386664246664833,0.001603,0.004902,348.625638043665,
263.452,16680.182859,0.04653814727424115,0.004249922403031372,0.001608,0.004917,349.81359227336515,
263.999,16726.792053,0.04651927470158665,0.004303843800134247,0.001612,0.00493,350.7910713408269,
264.542,16773.188708,0.04695453666164224,0.004462234757450551,0.001617,0.004945,351.7640930811887,
265.082,16822.907119,0.04682932032285041,0.004322069333048711,0.001622,0.004961,352.80677805059537,
265.624,16871.805965,0.047407372379661306,0.004596459262283786,0.001627,0.004977,353.83227526018095,
266.174,16920.967269,0.04700635671717538,0.004478849193532763,0.001632,0.004993,354.86327668854983,
266.719,16971.861104,0.04726413167372727,0.004646302570530061,0.001637,0.005006,355.9306124243995,
267.262,17010.023434,0.04765250377279166,0.004497074726447047,0.001642,0.005023,356.73094548187663,
267.807,17067.865102,0.047835186035059686,0.004622589239030979,0.001646,0.005039,357.9439898373974,
268.35,17112.592046,0.047477269815180856,0.004452517829681337,0.001652,0.005052,358.8819947192568,
268.896,17163.289454,0.04745073688649097,0.0045252185742346,0.001657,0.005068,359.9452110257771,
269.44,17210.679605,0.04785106338199798,0.004557742591534744,0.001662,0.005084,360.93906817349665,
269.982,17257.828233,0.04789681346683173,0.0046197194727987025,0.001666,0.005098,361.9278601472334,
270.524,17307.960487,0.04811056125599725,0.004598976601084013,0.001671,0.005113,362.97922415257693,
271.069,17361.799327,0.04833947071869995,0.004591525278235091,0.001676,0.005127,364.10832196783673,
271.614,17408.497122,0.048356461335373496,0.004713918290706814,0.001681,0.005144,365.0876591584588,
272.159,17452.214517,0.04849013322286862,0.004537201106924108,0.001687,0.005157,366.0044919725267,
272.702,17493.223628,0.04897456459623051,0.004406953997395536,0.001691,0.005174,366.86452717454523,
273.249,17547.532649,0.048905753924024006,0.004852069844068474,0.001696,0.00519,368.0034855354609,
273.796,17597.95636,0.048872885960412164,0.004680437684662458,0.001701,0.005206,369.0609619210478,
274.339,17648.613549,0.049189929277154404,0.005013380914393112,0.001707,0.005222,370.12333476242225,
274.88,17692.648159,0.04913734053537575,0.00440443665859513,0.001711,0.005238,371.0468201485639,
275.425,17737.920985,0.04936105473931376,0.004881119933824179,0.001716,0.005251,371.9962731629163,
275.968,17783.593132,0.04947391908532902,0.004871705086710957,0.001721,0.005268,372.95410066060987,
276.514,17833.192458,0.04948330235881177,0.004841396327555048,0.001726,0.005283,373.9942882022612,
277.059,17894.101545,0.049719236023415346,0.004898439224770311,0.001732,0.005299,375.2716618800962,
277.607,17937.134651,0.049665613531168044,0.005031807834411451,0.001736,0.005314,376.1741439166416,
278.152,17983.81316,0.0495631927155262,0.004975771872716277,0.001741,0.005329,377.15307664497465,
278.694,18032.219373,0.0501163287354056,0.005031807834411451,0.001746,0.005345,378.16824244987123,
279.238,18079.535513,0.04989454950029295,0.004852976086036447,0.001751,0.005359,379.16054745310913,
279.782,18124.502432,0.050056742298148084,0.004958251194665913,0.001755,0.005375,380.10358504459265,
280.326,18179.677764,0.050342269478814296,0.005024658592218521,0.00176,0.005391,381.26071151346594,
280.872,18231.011261,0.05043180817323405,0.004761445647256737,0.001766,0.005407,382.3372677563632,
281.416,18276.833184,0.05086722917182322,0.004800011277677783,0.001771,0.005422,383.2982363275713,
281.964,18323.242819,0.05066927921032921,0.005103551990220502,0.001776,0.005439,384.2715302820009,
282.506,18371.518633,0.05101797119525887,0.005119360877886677,0.001781,0.005455,385.2839613841066,
283.048,18420.473937,0.05078887618760038,0.005065338787231685,0.001786,0.005472,386.3106426200281,
283.593,18466.476209,0.05103922934591745,0.0050957482399395316,0.00179,0.005486,387.2753934358367,
284.137,18515.53296,0.05136470170494078,0.005010158720728608,0.001795,0.0055,388.304202198764,
284.683,18564.560732,0.05114583817627755,0.004950799871816992,0.0018,0.005517,389.33240321966747,
285.224,18627.844867,0.0516614941150707,0.0050483215769415455,0.001805,0.005532,390.659585948142,
285.769,18661.257309,0.05145858745261255,0.005228965809252676,0.001811,0.005549,391.3603052664761,
286.312,18709.494503,0.05172166369361794,0.005283743101547646,0.001816,0.005566,392.3719264373569,
286.859,18762.15481,0.05185234035539704,0.0051904505256076885,0.001821,0.005582,393.47630828482255,
287.403,18805.559917,0.052345545354529566,0.005221816567059746,0.001826,0.005597,394.3865918549146,
287.944,18851.901961,0.05205397470958636,0.005165730258588515,0.001831,0.005614,395.35846830387,
288.491,18908.727767,0.052245430597625014,0.005094388876987392,0.001836,0.005631,396.5502081965753,
289.033,18959.521913,0.05246736887127124,0.005123992781279202,0.001841,0.005648,397.61545327385755,
289.579,19003.3022,0.052685967335711716,0.005458144333634,0.001846,0.005665,398.5336050468739,
290.124,19053.542457,0.05237714100987239,0.0052951718197010505,0.00185,0.005681,399.58723407039656,
290.667,19108.553628,0.052682733552195146,0.00516960696034106,0.001856,0.005698,400.74091778629736,
291.209,19150.619102,0.05273025956732085,0.0053833793712643185,0.00186,0.005711,401.623106830327,
291.751,19197.420065,0.05292455164254195,0.005357199047741067,0.001865,0.005729,402.6046076404364,
292.297,19244.246794,0.053134535519745556,0.005305140481350377,0.001871,0.005744,403.5866488101508,
292.841,19291.092848,0.05325455659977307,0.005284800383843795,0.001875,0.005761,404.5690952600547,
293.384,19340.458809,0.05319017250008519,0.004960869227018256,0.00188,0.005778,405.6043887157328,
293.931,19380.432697,0.053332405961972966,0.005410365243203785,0.001886,0.005794,406.44271341976133,
294.476,19435.252286,0.053859221104540646,0.005397023347562137,0.001891,0.005812,407.59237931474235,
295.027,19487.787057,0.05355058032365729,0.005583960926873923,0.001896,0.005828,408.6941284453194,
295.574,19529.316372,0.054013727039938196,0.005472392471243801,0.001903,0.005846,409.56507326574524,
296.12,19578.78218,0.05419145260124227,0.005509598738712528,0.001908,0.005862,410.6024606935364,
296.663,19627.702147,0.05394449226497536,0.005410969404515947,0.001913,0.00588,411.6284008486787,
297.215,19687.278178,0.054019266882192066,0.005566289208495742,0.001919,0.005897,412.8778179320325,
297.756,19737.252809,0.0542623042679633,0.005505319262751875,0.001924,0.005913,413.9258762980841,
298.307,19776.363675,0.05424581727331289,0.005523242715010168,0.001929,0.005929,414.7461018704315,
298.847,19824.166203,0.05457555716632144,0.005534319005731702,0.001934,0.005945,415.7486073094175,
299.39,19877.670325,0.054709838701528866,0.005507081399912123,0.001939,0.005963,416.87068548304813,
299.931,19914.526968,0.05460892875195623,0.00558542098337818,0.001946,0.00598,417.6436359234571,
300.477,19963.963824,0.05473459569992679,0.00573409501292527,0.001951,0.005996,418.68041617546317,
301.021,20007.090451,0.05506817902416385,0.005603898250172577,0.001957,0.006015,419.58485951646435,
301.567,20060.380435,0.0553102621787336,0.005468968890475242,0.001963,0.006033,420.7024468290741,
302.112,20113.110086,0.0552203789008243,0.0057159198267868645,0.001969,0.006051,421.8082829455936,
302.653,20153.349699,0.05545893670123233,0.0056707587687091715,0.001975,0.006066,422.6521803833021,
303.198,20198.419807,0.05582096141656262,0.0058285959114893725,0.001981,0.006084,423.597382034681,
303.742,20254.722425,0.05541952165132035,0.005546351885197268,0.001986,0.006101,424.778149729104,
304.287,20301.504145,0.05545639208469466,0.00568032465615039,0.001992,0.006119,425.75924697871216,
304.838,20349.355018,0.0553473711699081,0.0056561078568912624,0.001997,0.006136,426.76276629975575,
305.383,20406.185783,0.05602198612303981,0.00579738091036531,0.002003,0.006153,427.95461019165697,
305.933,20447.312615,0.05564596601675218,0.005947263262536544,0.002009,0.006171,428.8171142158847,
306.48,20492.464863,0.056293146822836926,0.0056948245276401245,0.002014,0.006188,429.76403849157253,
307.025,20537.572028,0.056329619659877095,0.005865550445077986,0.002021,0.006204,430.7100172952403,
307.571,20575.084047,0.05653310946362498,0.0059006924947304735,0.002026,0.006223,431.4967121552872,
308.115,20635.613384,0.05664491355274957,0.00583685278275433,0.002031,0.006242,432.7661217890353,
308.659,20677.057434,0.05647182661534248,0.005819533491808198,0.002038,0.00626,433.6352784482523,
309.202,20727.800192,0.05674428612983062,0.005784592829259586,0.002044,0.006278,434.69944582626516,
309.744,20768.922214,0.056748633183082646,0.00582154736284838,0.00205,0.006297,435.5618489760965,
310.287,20814.947194,0.05723818029594206,0.005818375515959933,0.002057,0.006314,436.5270760197211,
310.838,20867.831488,0.057076332081576475,0.005881208292415986,0.002063,0.006334,437.63615527954465,
311.382,20916.323248,0.057223840321495356,0.006084508573930051,0.002068,0.006353,438.6531151597,
311.923,20959.615787,0.05721238954707568,0.006189431255127467,0.002075,0.00637,439.5610379753095,
312.469,21006.328322,0.05776441229721982,0.006081789848025591,0.00208,0.006389,440.5406842903814,
313.011,21053.469166,0.057521136353648215,0.006108423292533009,0.002086,0.006408,441.5293130195647,
313.554,21101.112384,0.05782450235650046,0.006350893365780101,0.002094,0.006427,442.5284774398187,
314.097,21140.031724,0.05773035154460612,0.0060965414533956175,0.0021,0.006445,443.34468636566766,
314.639,21179.75776,0.05818769335441059,0.006057270968110472,0.002107,0.006466,444.17781316514055,
315.184,21230.729203,0.058096113665476116,0.006196630844096276,0.002113,0.006486,445.24677648106524,
315.727,21283.893699,0.05827442236806992,0.006276984298602694,0.00212,0.006507,446.36173208343314,
316.275,21330.404988,0.05848671230401083,0.006161035673459802,0.002126,0.006527,447.33715790603287,
316.818,21369.636716,0.05809857876274699,0.006073734363864687,0.002133,0.006547,448.1599181730384,
317.364,21419.79343,0.058517194689618586,0.006131079341735943,0.002139,0.006566,449.2117951488056,
317.904,21458.957535,0.05871103615566114,0.006336947308826292,0.002146,0.006585,450.0331372392389,
318.449,21503.966551,0.058915215126388115,0.006340723317026721,0.002153,0.006608,450.9770576809236,
318.991,21549.1543,0.05908936232068607,0.006403505746706716,0.00216,0.006629,451.92472647676703,
319.534,21600.785944,0.05907033070949798,0.00623967733758185,0.002166,0.00665,453.0075354013032,
320.077,21637.853622,0.059089600878486435,0.006382712528216147,0.002173,0.00667,453.7849116272128,
320.62,21682.514857,0.05937539312337521,0.006594672455203277,0.002179,0.006691,454.72153847254054,
321.164,21722.567791,0.05929770279970909,0.0065638602282873226,0.002187,0.006712,455.56152091410405,
321.704,21764.234118,0.059740545596533086,0.006603030020020351,0.002193,0.006731,456.43533912388716,
322.247,21812.23002,0.059500026320877315,0.0064663385231627695,0.002201,0.006756,457.44189996527274,
322.792,21852.550252,0.05999996395126575,0.006327180034281019,0.002208,0.006778,458.28748812917024,
323.338,21897.720316,0.05993253161301708,0.006628908262887611,0.002215,0.0068,459.2347860385892,
323.879,21941.278603,0.0601461733764936,0.006615364980141909,0.002223,0.006823,460.1482820702303,
324.424,21996.299687,0.06054387573619597,0.006476256838036038,0.00223,0.006845,461.30217367966367,
324.967,22032.807051,0.06012602849557026,0.006749690178527081,0.002238,0.006868,462.06779910794734,
325.515,22073.001706,0.060541728715992255,0.006616472609214116,0.002246,0.006892,462.91075369511196,
326.06,22115.09153,0.06096050368139743,0.006627498553159412,0.002254,0.006915,463.79345340266644,
326.603,22157.09119,0.06061369365244873,0.006727084476100205,0.00226,0.006938,464.67426220812456,
327.148,22199.995768,0.06066440043824662,0.006774410445546254,0.002269,0.006962,465.57404878013176,
327.69,22232.935009,0.06103032159765019,0.006750143299511068,0.002276,0.006987,466.26484421794987,
328.236,22263.67476,0.06102846614809144,0.006713440499802386,0.002285,0.007011,466.90951237379664,
328.778,22312.342143,0.06115087280612304,0.00670170970099299,0.002293,0.007035,467.9301553857878,
329.323,22369.137669,0.06131038845532932,0.006905664490595096,0.002301,0.00706,469.12126025214695,
329.871,22400.587513,0.061335410517949815,0.006983248872420996,0.002309,0.007085,469.7808203420497,
330.415,22441.622701,0.06169290263507231,0.007141790870065296,0.002317,0.007111,470.6414024259055,
330.959,22485.530436,0.061358868701656515,0.006937836080463191,0.002326,0.007137,471.5622270139075,
331.505,22525.237239,0.06135383248142578,0.0068651856826858065,0.002334,0.007162,472.39495046259714,
332.053,22554.611582,0.06176629891833119,0.007079109133937239,0.002342,0.007188,473.01098354403047,
332.595,22601.251785,0.062089465218617225,0.006966433049234731,0.002351,0.007214,473.98911292628634,
333.144,22642.584869,0.06239471317745043,0.006978264541596243,0.002359,0.007243,474.8559424278571,
333.685,22682.317447,0.062009309797680226,0.0071575997577312915,0.002369,0.007269,475.6892064248979,
334.229,22715.032902,0.06212326090700835,0.007155183112483003,0.002378,0.007297,476.37530866569153,
334.772,22750.933276,0.0619294194409658,0.0071069509010688,0.002387,0.007324,477.1282044162391,
335.316,22792.594846,0.06276447776808289,0.00715905981423537,0.002396,0.007352,478.0019228631316,
335.86,22829.272939,0.06289372308305957,0.007170488532388952,0.002405,0.007379,478.7711287872227,
336.403,22856.552463,0.062487061552630604,0.007151507797834511,0.002415,0.00741,479.3432297267996,
336.947,22898.260736,0.06282756305307974,0.007068737698079804,0.002424,0.007439,480.217927620041,
337.491,22935.289852,0.06322961246603394,0.00716751807260456,0.002433,0.007468,480.9944951310907,
338.034,22975.513553,0.0632963556373037,0.007424336977013392,0.002443,0.007498,481.8380588653904,
338.576,23009.426993,0.06337028204900791,0.007242333381750121,0.002452,0.007527,482.5492850175873,
339.119,23039.857631,0.06351060704849235,0.007270527576313733,0.002463,0.007558,483.18747051494864,
339.661,23080.530578,0.06360894587510511,0.007525634690338375,0.002473,0.007589,484.04045575010383,
340.204,23109.185202,0.0634587869929594,0.007430781364342223,0.002483,0.007619,484.6413950228573,
340.748,23142.570512,0.06375372395353036,0.007346400167755443,0.002493,0.00765,485.3415453340967,
341.292,23173.344126,0.06389293568327954,0.007442411469599681,0.002504,0.007682,485.9869236582777,
341.839,23210.780635,0.0639113841531779,0.007571953724264154,0.002514,0.007713,486.77203493710266,
342.383,23247.131889,0.06408227105753687,0.007553778538125928,0.002525,0.007744,487.53438645643996,
342.924,23275.119909,0.06411572216243845,0.0076066929997087125,0.002536,0.007778,488.1213458380954,
343.47,23305.813022,0.06427876316580627,0.007593653184723056,0.002547,0.007812,488.7650359107608,
344.013,23338.319191,0.06389797190351047,0.007589877176522448,0.002559,0.007843,489.446749045746,
344.556,23365.985181,0.06458271230994825,0.007638411468592641,0.00257,0.007879,490.02695487607224,
345.101,23398.18381,0.06485032114916163,0.007838993024202425,0.002582,0.007913,490.702218341226,
345.643,23433.849144,0.06481379529927687,0.007676775711909633,0.002593,0.007948,491.45018487802196,
346.183,23461.083613,0.06512688915910124,0.007919648559364655,0.002605,0.007982,492.0213409327895,
346.726,23487.442148,0.06534882743274746,0.007702452567672839,0.002617,0.008019,492.57412706789097,
347.272,23512.216276,0.06503085639122594,0.007993557626542063,0.00263,0.008056,493.09368532359946,
347.814,23543.45686,0.06531630405262517,0.007985602835933097,0.002642,0.008095,493.7488568529608,
348.358,23573.014815,0.06556485477422808,0.007972814754827551,0.002654,0.008132,494.368740610004,
348.9,23595.087074,0.06555470281449961,0.008396231141041589,0.002667,0.008168,494.8316357878115,
349.443,23627.973261,0.06574531049702559,0.008009618248088171,0.00268,0.008208,495.5213185873281,
349.986,23641.068804,0.06563896673088826,0.008111771856605249,0.002694,0.008247,495.79595580074016,
350.527,23673.963044,0.06568863976621768,0.008193081899855698,0.002707,0.008286,496.4858074862266,
351.074,23693.439706,0.06617757723136498,0.008145252462649603,0.002733,0.008395,496.89426830211255,
351.619,23953.205901,0.06642851353097197,0.008203956803472998,0.002808,0.008631,502.3420350677571,
352.164,24070.859768,0.0672209230246605,0.008277563789994415,0.002904,0.008905,504.80944937658256,
352.707,24123.40783,0.0677528804131481,0.008476987369755934,0.003002,0.009187,505.9114772434597,
353.25,24188.71332,0.068729880631508,0.00835157355072394,0.003102,0.009485,507.28105144088795,
353.794,24255.698228,0.06910486698732718,0.008569121969847805,0.003208,0.009796,508.68584607015896,
354.339,24319.438643,0.06947627497614021,0.008876791118023005,0.003318,0.010119,510.02259781518643,
354.881,24364.550939,0.07017673369098272,0.009069216495919767,0.003432,0.010456,510.96868422520106,
355.428,24416.319707,0.07091398331993255,0.009460159211609717,0.003549,0.010804,512.0543688879369,
355.97,24454.120202,0.071669230809602,0.009630935475823459,0.003667,0.011156,512.8471136112674,
356.512,24497.805893,0.07206767534912806,0.010162849164331465,0.003789,0.01152,513.7632815351346,
357.056,24533.223332,0.07270942233864792,0.009982305625572452,0.003909,0.011886,514.5060492655872,
357.6,24566.491188,0.0734561347603473,0.010647789310825651,0.004033,0.012253,515.2037363540902,
358.142,24599.594808,0.07390024986544014,0.011002331307462912,0.004155,0.012625,515.897979116735,
358.686,24625.67967,0.07453900162924379,0.011422173072580573,0.00428,0.013002,516.4450258342265,
359.23,24655.434126,0.07493309911551783,0.011579708134704781,0.004405,0.013382,517.0690305725129,
359.773,24681.96018,0.0757782563895188,0.012029858658978352,0.004533,0.01377,517.6253298839183,
360.326,24720.312983,0.07611396022753755,0.012652446891073973,0.00466,0.014154,518.4296575045801,
360.87,24736.118481,0.07660647605969098,0.012865162019701082,0.004787,0.014543,518.7611273739326,
361.416,24764.30141,0.07754655283183216,0.013145090094296834,0.004913,0.014923,519.352174349713,
361.958,24773.677473,0.07819323001589377,0.01379884298074046,0.005039,0.015312,519.5488073427165,
362.502,24800.076327,0.07875172033307126,0.014187721478614171,0.005166,0.015698,520.1024390401446,
363.047,24823.264491,0.07931005161171498,0.014541306886507399,0.005293,0.016091,520.5887367633551,
363.593,24842.731534,0.0798001818658645,0.014959839635448977,0.005421,0.016478,520.9969958514198,
364.135,24866.000208,0.08060017219632164,0.015238257306764594,0.005548,0.016869,521.484982014892,
364.679,24890.912874,0.0807916280843601,0.015845187691522215,0.005674,0.017259,522.0074456629368,
365.22,24899.554697,0.08184623910711952,0.016318145305326714,0.005801,0.017651,522.1886803156366,
365.762,24922.069808,0.08246203630923943,0.016517619231864112,0.005928,0.01804,522.6608629005592,
366.305,24941.482111,0.08330008986207271,0.017193877127182677,0.006056,0.018434,523.0679739918543,
366.851,24951.840385,0.08333515785873268,0.01738569834376728,0.006184,0.018829,523.2852057253623,
367.394,24973.885329,0.08418328385202783,0.018051584803228406,0.006311,0.019219,523.7475280582344,
367.935,24991.590844,0.08458048258970707,0.01844846843848714,0.006439,0.019613,524.1188447193018,
368.479,25012.766292,0.0852413937225264,0.01879571015260348,0.006568,0.020008,524.5629321490078,
369.021,25025.943988,0.08584258588597683,0.019354055898514848,0.006696,0.020402,524.8392922593622,
369.564,25035.844972,0.08651121038767595,0.019711669048488617,0.006824,0.020798,525.0469337947914,
370.11,25058.476026,0.08695455680652327,0.020098281941442035,0.006952,0.021197,525.5215479140485,
370.651,25074.772636,0.0878398978166819,0.020652448904945046,0.007081,0.021593,525.8633172899702,
371.196,25081.247163,0.08839883874303793,0.02138585039103081,0.007208,0.021992,525.9990998270853,
371.738,25101.258457,0.08892822500856547,0.02171013397528822,0.007337,0.022392,526.4187728426243,
372.288,25117.844902,0.0891856023687836,0.021983567315779263,0.007467,0.022793,526.7666205825167,
372.829,25130.294801,0.08974059383822175,0.02259130324895292,0.007597,0.023198,527.0277174739264,
373.372,25145.436917,0.0907603754221214,0.02275090252889337,0.007726,0.023599,527.3452750233463,
373.916,25165.248552,0.0912703059737047,0.022902496671448617,0.007856,0.024001,527.7607608286725,
374.461,25182.103899,0.09184043261025765,0.023698277813006447,0.007986,0.024405,528.1142479296789,
375.008,25197.038303,0.09256811342076875,0.024064349221349226,0.008116,0.024812,528.427449382916,
375.551,25209.565492,0.09285236829316612,0.024497583228884595,0.008247,0.025219,528.6901671853659,
376.094,25229.705605,0.09368042892480455,0.025066350757429457,0.008378,0.025627,529.1125417682392,
376.637,25233.220626,0.09411081370316297,0.02541575738291415,0.008508,0.026032,529.1862581137565,
377.18,25247.76698,0.09464311567514012,0.025957539039519365,0.008638,0.026437,529.4913214569006,
377.722,25266.96675,0.09551615770536659,0.026366254167139613,0.008769,0.026844,529.8939753469266,
378.266,25272.695765,0.09622326953219822,0.026925757888899247,0.0089,0.027255,530.0141231495185,
378.811,25289.929508,0.09674881236649706,0.027230406230514172,0.00903,0.02766,530.3755458987837,
379.356,25304.306795,0.09768008900644541,0.02766202914121729,0.009162,0.028073,530.677063601265,
379.905,25313.557273,0.09811413167107676,0.02803076892868847,0.009291,0.028479,530.8710628497612,
380.449,25334.69731,0.09831353948579558,0.028620631756379893,0.009422,0.028888,531.3144076467742,
380.998,25353.615303,0.09941432469614489,0.029017616085190746,0.009551,0.029287,531.7111521636582,
381.539,25355.658619,0.09984770470021953,0.02951222281267791,0.00968,0.029695,531.7540041944875,
382.088,25371.911766,0.10031607318168735,0.029781578064312354,0.009809,0.030097,532.094862072718,
382.631,25385.559645,0.10100158227437082,0.030396714973559055,0.009937,0.030502,532.3810827706719,
383.177,25402.835256,0.10200310093332828,0.030945444485253146,0.010066,0.030906,532.7433835675943,
383.72,25412.836079,0.10211543515089821,0.03136800497627527,0.010193,0.031309,532.9531189073621,
384.264,25414.699057,0.10280309126378541,0.03165140697841546,0.010322,0.031718,532.9921889242806,
384.814,25435.715114,0.10301903908599923,0.031865229736114775,0.010449,0.032127,533.4329336365381,
385.359,25456.447783,0.1040605029233138,0.032490838774770846,0.010579,0.032538,533.8677351900709,
385.902,25452.370809,0.1044881575401786,0.032844373835888015,0.01071,0.032943,533.7822336741343,
386.445,25471.546435,0.10501719922221678,0.03340810668683206,0.010837,0.033347,534.1843812208281,
386.985,25476.103242,0.10566133178974073,0.03367846887398678,0.010965,0.033755,534.2799457023114,
387.531,25499.929067,0.106260721516477,0.034223372030704385,0.011094,0.03417,534.7796163295809,
388.075,25509.136072,0.10691977719973758,0.03452827210619942,0.011223,0.034573,534.972703870668,
388.618,25513.882882,0.10773845455789324,0.03502343264822269,0.011351,0.034974,535.0722530585862,
389.16,25529.82688,0.10812102175048101,0.03532798029628568,0.011489,0.035374,535.4066275233463,
389.702,25538.845494,0.10885342070415588,0.03575970390054091,0.011619,0.035782,535.5957641645531,
390.248,25554.981104,0.10957222186320754,0.03628456904040792,0.01175,0.036195,535.9341570793871,
390.794,25554.775003,0.11006243163662367,0.03666972187685726,0.011879,0.0366,535.9298347687871,
391.336,25569.777045,0.1102163279243091,0.03714439128104595,0.012006,0.037007,536.2444547131737,
391.876,25583.928915,0.11100105055554006,0.037551596005386066,0.012136,0.03742,536.5412450136118,
392.423,25594.623727,0.11188193848675787,0.0381355179135087,0.012266,0.037832,536.7655345574395,
392.971,25600.993599,0.11216319813343886,0.03843487984364306,0.012397,0.038246,536.8991222899889,
393.514,25614.425719,0.11275739260141081,0.038932859805122726,0.012525,0.038656,537.1808181316212,
394.059,25626.15427,0.11351452204706122,0.03916546191027243,0.012655,0.039069,537.4267870512759,
394.599,25641.597502,0.11417169577434085,0.039725620140120106,0.012784,0.039482,537.7506595476326,
395.147,25648.092968,0.11467958533140962,0.040306722628786346,0.012465,0.033063,537.8868812134355,
395.69,25653.421054,0.1153122671245139,0.04053257826595123,0.010064,0.014066,537.9986208100188,
396.235,25663.816377,0.11607504243810735,0.04101338997681276,0.006059,0.011917,538.2166295280414,
396.779,25676.019929,0.11633419572861725,0.04158326513442965,0.005832,0.011189,538.4725600774665,
397.324,25683.727861,0.11708286962556437,0.04178636402883948,,,538.6342093474242,
397.868,25694.665815,0.11748184429353575,0.04227865480463047,,,538.8635980185919,
398.414,25699.040673,0.11840132557557508,0.042558180105018294,,,538.9553467005819,
398.956,25702.971123,0.11881506432074931,0.043228899854976,,,539.0377753433237,
399.498,25714.464588,0.11949680950147089,0.04355262962469749,,,539.2788140845236,
400.041,25729.110787,0.12041690043122233,0.04394659314694789,,,539.5859713578371,
400.584,25741.790955,0.12067947305020478,0.04445504523783675,,,539.8518974065024,
401.129,25736.617448,0.12140553696895769,0.04504933858181682,,,539.7433996110275,
401.673,25751.881957,0.12170959213878885,0.04538797099723615,,,540.0635239629436,
402.216,25763.893901,0.12282548600983076,0.04577236863204533,,,540.3154361461819,
402.761,25781.064865,0.12319320960594869,0.04615122812149365,,,540.6755423063129,
403.301,25783.36742,0.12383339271655476,0.046653034437949985,,,540.7238310476754,
403.84,25796.02827,0.12442382327256463,0.047199145917291734,,,540.9893519629538,
404.386,25802.523737,0.12500879350558722,0.0474928690085133,,,541.1255736497285,
404.928,25810.139891,0.12562337141228289,0.04821312998606147,,,541.2852981690919,
405.473,25827.731113,0.12612887539134737,0.04840308837193371,,,541.6542178993082,
406.019,25831.223593,0.1266802089745126,0.04910059260672683,,,541.7274615193013,
406.561,25841.949006,0.1273906341041278,0.04928531492789456,,,541.9523928214255,
407.105,25855.052656,0.1281007411566756,0.04987774544116227,,,542.2272000532852,
407.648,25865.9729,0.12851559317158512,0.05028867582692675,,,542.4562173137333,
408.188,25869.578095,0.12912094684333159,0.050908847413774085,,,542.531824771065,
408.731,25877.01874,0.1298062173782147,0.05124340174033699,,,542.6878685493785,
409.277,25892.62461,0.13013399579597532,0.051774660920756777,,,543.0151518586442,
409.826,25896.699978,0.1310772268323665,0.0523707164018971,,,543.1006196938573,
410.372,25909.839053,0.13162625435679443,0.05281255970812965,,,543.3761698520151,
410.927,25909.972698,0.1322416804690026,0.05323718441696783,,,543.3789726292949,
411.47,25919.952596,0.13289108781455763,0.05380846928431292,,,543.5882691339802,
412.013,25920.68523,0.13334307532706402,0.054173835837791603,,,543.6036337935603,
412.556,25938.822306,0.13381417397002546,0.05455581682735249,,,543.9840010690589,
413.101,25943.921748,0.13473996378056435,0.054772660391612264,,,544.0909455875745,
413.644,25958.041426,0.13511630196391913,0.05541714947127066,,,544.3870607635697,
414.184,25961.64179,0.13561062023278692,0.05581962159866613,,,544.4625669060969,
414.724,25976.180114,0.13611005424115222,0.05624918029155301,,,544.7674618456226,
415.274,25978.856233,0.13701392324047582,0.05675189284997731,,,544.8235848994677,
415.815,25989.185545,0.13743654163710986,0.057203201350099146,,,545.0402092474726,
416.36,25991.409206,0.1383264152454763,0.05768466756904871,,,545.086843439015,
416.906,26004.983031,0.13878179558003284,0.057901410439756364,,,545.3715110906994,
417.449,26008.718652,0.1394328198173463,0.05855385431002373,,,545.4498538170609,
417.994,26020.403736,0.1399473624864042,0.05896584197808454,,,545.6949111551374,
418.538,26015.526497,0.14050818536874116,0.05969702820602589,,,545.5926266352741,
419.082,26028.079469,0.14122637688008072,0.059823851734786264,,,545.8558851538495,
419.626,26033.61044,0.14184045116475325,0.060415527046413814,,,545.9718796156983,
420.168,26040.318456,0.14240919946734817,0.06065306313561221,,,546.112558839291,
420.714,26050.090646,0.1429802538286804,0.06133501021661945,,,546.3174993316809,
421.258,26066.56763,0.14364161557067825,0.061665486454325756,,,546.6630514764981,
421.803,26062.706416,0.14443060573589445,0.06204167756464586,,,546.5820748378549,
422.346,26071.586565,0.14462230018173328,0.06272936417811782,,,546.7683076176675,
422.893,26078.193139,0.14550936410933948,0.0628464707791088,,,546.9068594191132,
423.435,26079.650352,0.1461317879170263,0.06322472610724515,,,546.9374198103599,
423.982,26096.610392,0.1466296845529,0.06378125936922022,,,547.2931025128609,
424.524,26099.225328,0.14691947926755125,0.06424772224892,,,547.3479424485772,
425.074,26108.285818,0.14799791956392913,0.06445892697426697,,,547.5379573052157,
425.62,26102.737134,0.1484393045075285,0.06484171351224391,,,547.4215913697319,
426.162,26123.543897,0.14934017828113588,0.0653306310540424,,,547.8579468084064,
426.707,26124.920602,0.14943014107831198,0.06578188920738817,,,547.8868188013348,
427.248,26132.010231,0.15014674220431534,0.06611679596138295,,,548.0355011394927,
427.795,26135.003559,0.15091606460420895,0.0665681044615046,,,548.0982766395806,
428.339,26143.481164,0.15119401094810656,0.06691076461900447,,,548.2760673439149,
428.886,26155.193624,0.15212202729811614,0.06731887558531274,,,548.521698806207,
429.427,26155.224217,0.15266236071604022,0.06771545713991531,,,548.5223403967291,
429.972,26162.473255,0.1531212398983362,0.06829358916879733,,,548.6743658298279,
430.516,26168.392283,0.15386948969252706,0.06852337185449063,,,548.7984985485726,
431.059,26167.925331,0.15448833513320775,0.06898626011309388,,,548.7887057208848,
431.605,26181.640857,0.1548115279399161,0.06923487249301362,,,549.0763450987342,
432.15,26188.133109,0.15591247218879908,0.06962123365208711,,,549.2124993611462,
432.692,26196.369188,0.15611453064574465,0.07033792000853872,,,549.3852248285822,
433.238,26189.73685,0.15688888926586916,0.0706797242708465,,,549.2461327094752,
433.782,26203.275257,0.15736783380982158,0.07108869113234668,,,549.5300575816641,
434.321,26209.84963,0.15808716509731857,0.07124808902518308,,,549.6679340699205,
434.862,26211.588626,0.15872035051244598,0.07193924956619949,,,549.7044039601401,
435.404,26208.509958,0.15947143649381948,0.07214184499284945,,,549.6398387259576,
435.948,26225.043305,0.15990102607950982,0.07273402377223721,,,549.9865729047889,
436.492,26220.707086,0.16060959575956615,0.07318226111902254,,,549.8956345524881,
437.036,26237.22433,0.1611244034928467,0.07368331223383855,,,550.2420310222954,
437.577,26238.037472,0.1618082161745051,0.07386662484527808,,,550.2590840801936,
438.119,26242.014621,0.1626614579072978,0.07433812240257831,,,550.3424920853969,
438.662,26248.318482,0.16292087626203036,0.0747181398678749,,,550.4746954479285,
439.204,26253.981493,0.16349140049491737,0.07517805766669375,,,550.5934590273052,
439.746,26254.897685,0.164142345212964,0.07578045684161078,,,550.6126732300177,
440.287,26261.552569,0.16461882465964564,0.07607141086015201,,,550.7522381795078,
440.834,26255.875068,0.16518415363376804,0.07642348586476493,,,550.6331707186332,
441.379,26278.39668,0.16576355751811464,0.07694064794790309,,,551.1054896412795,
441.922,26274.432412,0.1665142989159987,0.07747563278974742,,,551.0223517739349,
442.465,26282.431796,0.16706571201843062,0.0777859703170512,,,551.1901133192771,
443.009,26283.851976,0.1676067346033338,0.07823496286547668,,,551.2198970615582,
443.551,26289.389393,0.1683262249293644,0.07859821485436307,,,551.3360267076814,
444.095,26286.415388,0.16880063687510913,0.07908375916216924,,,551.2736564458394,
444.638,26303.494586,0.16932421823416022,0.07960469725350783,,,551.6318381070377,
445.181,26293.801291,0.17040128019658007,0.08004608743875621,,,551.4285521854396,
445.724,26308.29293,0.1710464200081502,0.08059199753099408,,,551.732468056109,
446.265,26316.363161,0.17126350760652148,0.08078714163479495,,,551.9017153911323,
446.808,26320.50294,0.17173169054303342,0.08151535740295208,,,551.9885340414702,
447.35,26322.393293,0.17229890147313684,0.0818112957523179,,,552.0281781616327,
447.894,26323.248301,0.17331961078181596,0.08228767694689094,,,552.0461092252445,
448.435,26320.979554,0.17393617667018155,0.08268677584029392,,,551.9985294987669,
448.98,26328.774446,0.17464644276126307,0.08320710977032053,,,552.162002477148,
449.522,26335.205514,0.17482552015010266,0.0837014144171517,,,552.2968736004595,
450.063,26335.248988,0.17568618368113026,0.08442368926574005,,,552.2977853288403,
450.606,26339.726905,0.17606543757093446,0.08477420352029677,,,552.3916953443908,
451.145,26348.381632,0.17670119410902183,0.0853616497027399,,,552.5732006173009,
451.689,26345.641103,0.17744843665916663,0.08589220402829577,,,552.5157267693029,
452.233,26352.719464,0.1779746686604444,0.0865009468969897,,,552.6641727971281,
452.776,26356.075085,0.1787566346237596,0.08672025745327364,,,552.7345462364507,
453.316,26362.876493,0.17920528232706032,0.08723102549585902,,,552.8771840591357,
453.858,26360.458,0.1798762924067635,0.08780563325042055,,,552.8264638882977,
454.399,26372.442586,0.18030087227864522,0.0882458151130448,,,553.077802324813,
454.943,26365.367446,0.1809290214735419,0.08869672083895852,,,552.9294238471813,
455.484,26359.359856,0.18163578871688396,0.08914858315361628,,,552.8034338231766,
456.027,26368.871203,0.18226316922553482,0.08977605502298454,,,553.0029039662533,
456.571,26381.884697,0.18257183651284056,0.09021699208724894,,,553.2758204637911,
457.11,26380.627144,0.18360503034640763,0.09077730135742443,,,553.2494473037291,
457.653,26388.657122,0.18390993372175138,0.09115676500818509,,,553.417850460565,
458.198,26383.535132,0.18431818563751626,0.09168550684980466,,,553.3104330697226,
458.741,26391.10621,0.18544722669400293,0.0921235741478366,,,553.4692122638687,
459.288,26388.125763,0.18579173066421434,0.09266882973198644,,,553.4067069016395,
459.833,26387.798895,0.1860270016682612,0.09320290833186262,,,553.3998518887032,
460.375,26399.025086,0.18688970619380343,0.09338415672548592,,,553.6352854108926,
460.921,26401.367901,0.18730943539041017,0.0938917025744068,,,553.684418477245,
461.465,26401.153747,0.1881336525908199,0.0944580534577032,,,553.6799272806752,
462.008,26410.731111,0.18894710818378896,0.0950703709474935,,,553.8807819196003,
462.551,26409.99848,0.18968366864575986,0.09554433549681808,,,553.8654173229356,
463.095,26411.637644,0.18990271771937897,0.0961402902844063,,,553.8997935556192,
463.638,26418.030068,0.19053529348679427,0.09676625175049441,,,554.0338542443825,
464.179,26409.740849,0.19095560582469084,0.09711394658559491,,,553.8600143350696,
464.721,26414.732415,0.19158616710401377,0.09757879836846227,,,553.9646964988258,
465.268,26420.322968,0.19237393797380561,0.09817691806741884,,,554.0819405029388,
465.825,26426.177591,0.19298363869880394,0.09849284408685917,,,554.2047225323894,
466.369,26423.495027,0.19375956119784216,0.09932764397982186,,,554.1484643152419,
466.915,26423.978083,0.1942866414046326,0.09983247110283845,,,554.1585948729256,
467.455,26431.512126,0.19476296181278055,0.10031358489435598,,,554.3165973761626,
468.006,26423.614181,0.19561535534006075,0.10060967428404995,,,554.1509631900519,
468.55,26434.935374,0.19623181520273725,0.10124912868610772,,,554.3883890759446,
469.092,26439.566259,0.19691851708442287,0.10163337528058872,,,554.4855071070207,
469.635,26433.078833,0.19712200688817094,0.10238923142877336,,,554.349454054554,
470.175,26434.64554,0.19740984012757434,0.10289818698742245,,,554.3823107329456,
470.718,26437.783787,0.19843320007848023,0.10345940249956627,,,554.4481254464766,
471.259,26439.619396,0.199119424844565,0.1040412098430968,,,554.4866214859821,
471.8,26437.004458,0.19941664135745116,0.10440828818695966,,,554.4317815083222,
472.342,26447.913445,0.20078434624003486,0.10512930436614781,,,554.6605626891277,
472.887,26448.246753,0.20076947613714272,0.1055934009473752,,,554.6675527605075,
473.431,26445.918429,0.20142829326260292,0.1059453249116603,,,554.6187235966248,
473.973,26450.60889,0.20199865845695616,0.10642880500165004,,,554.7170910441341,
474.517,26455.004688,0.20261143392693756,0.10704107214466428,,,554.8092788757835,
475.064,26448.900487,0.2034489838577479,0.10756583659097936,,,554.6812627444366,
475.605,26448.665401,0.20335329567336197,0.10811723448180204,,,554.6763325659819,
476.148,26445.923261,0.2042944592088162,0.10857121136105209,,,554.618824932401,
476.688,26443.706038,0.20477332423350184,0.10904895191857711,,,554.5723257573585,
477.233,26450.679738,0.20598140744119037,0.10970638011966923,,,554.718576854787,
477.773,26457.439285,0.2059977088908849,0.1102719254545494,,,554.8603367766176,
478.315,26453.571627,0.2066355859427537,0.11076653218203675,,,554.7792249956436,
478.857,26460.564649,0.20757301207266812,0.11127206415991746,,,554.9258813103462,
479.403,26451.697374,0.20790394475467852,0.11182542557500406,,,554.7399185215899,
479.945,26460.437444,0.2086908674189578,0.11237163774789793,,,554.9232135915099,
480.487,26457.502082,0.20926473146105043,0.11289922161366941,,,554.8616537432443,
481.034,26461.617707,0.20979438279080073,0.11347765572320742,,,554.9479658405319,
481.577,26455.397574,0.21040323531028654,0.11391290360178316,,,554.8175184055402,
482.116,26462.244069,0.21063969910333546,0.11465456195913387,,,554.9611017841326,
482.66,26459.308707,0.21178400785904822,0.11524366958518532,,,554.8995419358669,
483.202,26458.386072,0.21210197890056984,0.11578756580638283,,,554.8801926117957,
483.75,26464.567563,0.21252518043849364,0.1161577656503581,,,555.0098296541827,
484.294,26461.942966,0.2132166799826097,0.1169442829851307,,,554.9547871098291,
484.836,26455.518338,0.21388519845861972,0.1174823893270876,,,554.8200510449612,
485.378,26460.216848,0.214668357210937,0.11819273198976232,,,554.918587294553,
485.919,26461.060585,0.21508270560382345,0.11880771785868104,,,554.936281984917,
486.465,26459.278113,0.21591869165571992,0.11927820848046118,,,554.898900324373,
487.008,26460.66609,0.21649658467399724,0.12033428245397229,,,554.9280087115212,
487.552,26460.530835,0.21677357678669326,0.12059004407608497,,,554.9251721696306,
488.097,26461.772285,0.21746284979133876,0.12124797574493713,,,554.9512076206685,
488.644,26451.880935,0.21773923225632258,0.12151879105307566,,,554.7437681276376,
489.186,26457.716234,0.21892428138306055,0.12240731095603734,,,554.8661448978705,
489.732,26463.12806,0.21956539221844598,0.12296948305692519,,,554.9796406736556,
490.276,26460.751429,0.2201600903084409,0.12347511572835783,,,554.9297984246439,
490.819,26460.687025,0.22049112901614049,0.12407550103223469,,,554.9284477563216,
491.364,26456.901484,0.2214905006548942,0.12497655728242199,,,554.849058117305,
491.909,26454.795365,0.2217248969470062,0.12533996031163636,,,554.8048889940183,
492.452,26456.975552,0.2222477891390783,0.12568045555776788,,,554.8506114571798,
492.994,26456.595548,0.22292675114546173,0.1267184550386927,,,554.8426420862537,
493.538,26457.13818,0.22374192965587825,0.1273299166332909,,,554.8540220603707,
494.086,26452.884077,0.2244920614060502,0.12764674889469937,,,554.7648058290553,
494.63,26455.242996,0.22461719822557533,0.1285047586514011,,,554.8142766254037,
495.173,26453.17069,0.22559395988613476,0.12891785394853394,,,554.7708166218607,
495.718,26451.0372,0.22602312536906874,0.12966716501583783,,,554.7260734792172,
496.259,26446.398263,0.2266665687696138,0.1302353787298464,,,554.6287865831432,
496.805,26447.924715,0.22717077393398727,0.13065114240610765,,,554.6607990414038,
497.347,26445.858852,0.22754414339804804,0.13155179588208682,,,554.6174741592198,
497.888,26443.168237,0.22834490241475097,0.13198608717191834,,,554.561047098046,
498.431,26439.210409,0.22907889175376195,0.1325832502821307,,,554.4780442891449,
498.98,26435.176902,0.22977831671813598,0.13358494973755475,,,554.3934543547864,
499.521,26433.373498,0.2301627658667046,0.13409672471566023,,,554.3556337123575,
500.063,26426.045558,0.2309251170775418,0.13469680793888092,,,554.2019535616641,
500.604,26433.160952,0.23144700202556773,0.13563053924669635,,,554.351176238455,
501.147,26423.52723,0.23192295134380403,0.13599061938869447,,,554.1491396703748,
501.692,26423.306637,0.23266703962969895,0.13683966741926695,,,554.1445134363333,
502.231,26420.559664,0.23355041916460986,0.1372705351283301,,,554.0869044460044,
502.776,26411.68273,0.23390618836428498,0.13817853923360626,,,553.9007390905546,
503.317,26420.302035,0.23413477974992042,0.1389383727770954,,,554.0815015000819,
503.859,26402.556217,0.2351074329150284,0.13961770182575028,,,553.7093396122367,
504.401,26403.491733,0.23541652430509039,0.14033182049662563,,,553.7289590741668,
504.945,26404.560893,0.23631612577042904,0.1410694511118958,,,553.7513812924049,
505.488,26401.121545,0.23697022475272556,0.14199507658877428,,,553.6792519465141,
506.03,26390.809936,0.23738727680068328,0.14251319526065648,,,553.4629988624263,
506.571,26388.043641,0.23798377732739243,0.14342351531762898,,,553.4049846548232,
507.11,26379.715779,0.23878519900465206,0.1441653247153077,,,553.2303343319338,
507.651,26381.722068,0.2393478773365478,0.1448920300801847,,,553.2724098396284,
508.194,26373.999635,0.23979559731506905,0.14553364939361083,,,553.1104564574829,
508.735,26367.025933,0.2403474345202573,0.14623840356414883,,,552.9642053181108,
509.279,26356.806108,0.24094920982499768,0.147318492949815,,,552.7498771104481,
509.822,26350.47004,0.24156662391887596,0.14821899538546618,,,552.6169983088963,
510.366,26347.494423,0.24204206961508914,0.14907262497265533,,,552.5545942404998,
510.907,26344.37228,0.24273945358494853,0.14980129386179644,,,552.4891172569646,
511.451,26334.527625,0.24353960295393934,0.15053444361400228,,,552.2826570425082,
511.992,26318.47572,0.24387975987089894,0.1514206475652676,,,551.9460195728625,
512.535,26309.587516,0.24475484289564,0.15221189749698485,,,551.7596178651366,
513.077,26300.106764,0.24545744863068614,0.1534783706474267,,,551.5607893545257,
513.62,26300.79109,0.2456405284892882,0.1538867333476149,,,551.575140908005,
514.163,26293.635442,0.24660586588185035,0.15491879190897093,,,551.425074032055,
514.708,26286.131995,0.24721882689678762,0.15577962108512905,,,551.2677131822556,
515.249,26274.324531,0.2476920460535304,0.15675614715254996,,,551.0200893143164,
515.786,26255.127943,0.24818790169488958,0.15778352346373722,,,550.6175021565834,
516.324,26246.545672,0.24884915741119837,0.15851878778053535,,,550.4375164169934,
516.866,26246.165669,0.24957325985470344,0.15949818361418852,,,550.4295470670392,
517.41,26229.811054,0.250161384351976,0.1603671186212836,,,550.0865612213947,
517.953,26213.968474,0.2506319793729142,0.16136403513298714,,,549.7543136754581,
518.495,26216.288745,0.25133225254280084,0.16243611938126828,,,549.802973953371,
519.035,26192.326022,0.2519089262656538,0.16344929790162183,,,549.3004323275303,
519.577,26173.148759,0.25250730874834393,0.16429839627897036,,,548.8982504499868,
520.122,26174.425632,0.2532778239372396,0.16523675949017833,,,548.9250287853793,
520.664,26147.777128,0.25363120755891067,0.16621811884809579,,,548.3661614760848,
521.205,26134.903728,0.25423462626183163,0.16718326654413934,,,548.0961830030166,
521.748,26117.207833,0.2545280788627558,0.1683243258755492,,,547.7250680907418,
522.288,26099.08041,0.25560068774623473,0.1690138249729575,,,547.3449032561059,
522.833,26084.877003,0.25613521625768226,0.1700727183659248,,,547.047032131599,
523.375,26068.090861,0.25674963512584426,0.1712895999420005,,,546.6949963845651,
523.919,26042.115418,0.25711102368704014,0.17231365336597132,,,546.1502443813329,
524.462,26025.987844,0.2582008882514153,0.17307323517558051,,,545.8120199959478,
525.004,26013.217497,0.2582772797603904,0.17422149409595938,,,545.5442027306091,
525.55,25983.920254,0.2589961074258644,0.1753469459268073,,,544.9297865755724,
526.091,25961.427636,0.2595755908294777,0.17636294386661722,,,544.4580757095271,
526.633,25933.906425,0.26054220053030863,0.1775215742228533,,,543.8809061565909,
527.185,25911.78093,0.26044009779173405,0.17860997082656052,,,543.4168945236129,
527.726,25890.808327,0.2617961133420978,0.17969705841409161,,,542.9770611203,
528.266,25855.693506,0.2620060972193014,0.18067690736872896,,,542.24063983644,
528.805,25817.862317,0.2622972702679105,0.18187662069418634,,,541.4472514044347,
529.35,25795.092755,0.2632808440789927,0.18292589785293656,,,540.9697325219956,
529.891,25768.793681,0.2638039218160207,0.18402970057010165,,,540.4181933915694,
530.433,25726.378311,0.26443676264765864,0.18506790143813032,,,539.5286663958087,
530.976,25680.592841,0.26513329841200556,0.18617215727627956,,,538.5684623099175,
531.52,25642.892087,0.2652861874556448,0.18729509176832726,,,537.7778093356884,
532.061,25606.861094,0.26625133930325107,0.18846958135900543,,,537.022174268552,
532.601,25560.513682,0.26697252604030686,0.18949338304909633,,,536.0501852429314,
533.144,25509.952433,0.267586070196534,0.1907119764155562,,,534.9898244368162,
533.687,25460.527978,0.26818742139851803,0.19179448244647065,,,533.9533042562011,
534.235,25408.403255,0.2686600574139709,0.1931726750928708,,,532.8601545735497,
534.778,25341.970489,0.26925886399941723,0.1942448600347039,,,531.4669393602898,
535.321,25227.151862,0.2700076174156313,0.18767974113701638,,,529.0589851603696,
535.862,40.178116,0.27033701272515015,,,,0.8426077344321499,
536.406,36.360477,0.27085762536490726,,,,0.7625449423223899,
536.946,43.81381,0.27171847444089076,,,,0.9188548109359002,
537.487,37.90782,0.27243300806595727,,,,0.7949955226238516,
538.03,36.585896,0.2726997421932358,,,,0.7672723863092598,
538.574,33.183673,0.2732724929655932,,,,0.6959216187903708,
539.114,27.736573,0.2738993698522209,,,,0.5816860834500537,
539.659,26.511257,0.2747692576181976,,,,0.5559889915624334,
540.205,27.556237,0.27549969509662464,,,,0.5779041114831114,
540.745,21.738805,0.2754657933825445,,,,0.4559020445436588,
